file	repo	source_sha256	repository_source_sha256	jenkins_source_sha256	jenkins_source_normalization	redacted	bytes	commit_sha1	license_spdx	license_disposition	inventory_job_count	all_jobs_disabled	jenkins_lint	jenkins_job	jenkins_compiled	jenkins_reached_agent	jenkins_console_sha256	linux_case	windows_case	migration_class	worker_v1	certified_equivalence
Ableton_python-pipeline-utils.Jenkinsfile	Ableton/python-pipeline-utils	541ede0e8e35b5c87c42af09c47f6b31c3e171dddbe51eeed9fa46b128cece1b	541ede0e8e35b5c87c42af09c47f6b31c3e171dddbe51eeed9fa46b128cece1b	541ede0e8e35b5c87c42af09c47f6b31c3e171dddbe51eeed9fa46b128cece1b	none	false	1781	38e62f92cff4c16a805e67b3269b28d91bf2f434	MIT	declared-license	1	true	not_declarative_pipeline	missing_shared_library	true	false	174f71aaed0508d22b064b45ac2a298595aa4b6983fe3f680859ea173da18e1a	denied-no-execution-authority	denied-no-execution-authority	unsupported	E_COMPILER_SUBSET_NOT_IMPLEMENTED	false
AmanPathak-DevOps_EKS-Terraform-GitHub-Actions.Jenkinsfile	AmanPathak-DevOps/EKS-Terraform-GitHub-Actions	d3723d35a45518b8179853f3db1cc948ab29d4ed11d6d69f4cd59a258f0341ef	d3723d35a45518b8179853f3db1cc948ab29d4ed11d6d69f4cd59a258f0341ef	d3723d35a45518b8179853f3db1cc948ab29d4ed11d6d69f4cd59a258f0341ef	none	false	1929	6e3428437c7e413c2686cdf005933e11360025ec	Apache-2.0	declared-license	1	true	declarative_valid	compiled_waiting_for_agent	true	true	fcee631e0df6a0a037ae0c6678d676766a9b8069e6687e34d3232690ea6a669b	denied-no-execution-authority	denied-no-execution-authority	unsupported	E_COMPILER_SUBSET_NOT_IMPLEMENTED	false
BBVA_mirrorgate.Jenkinsfile	BBVA/mirrorgate	231f42d14a263a32724fa95f1081fd299d867a4c835f5cf55cb6efe2600e63aa	231f42d14a263a32724fa95f1081fd299d867a4c835f5cf55cb6efe2600e63aa	231f42d14a263a32724fa95f1081fd299d867a4c835f5cf55cb6efe2600e63aa	none	false	1181	92f44f98568f25f53b692f9860fa138a3a627ff6	Apache-2.0	declared-license	1	true	not_declarative_pipeline	compiled_waiting_for_agent	true	true	44f54e200ec937566a3a9656de93b6c49ec5b0b75440d9ef86cdd1a4fc656021	denied-no-execution-authority	denied-no-execution-authority	unsupported	E_COMPILER_SUBSET_NOT_IMPLEMENTED	false
Ben1980_jenkinsexample.Jenkinsfile	Ben1980/jenkinsexample	8a22b54d0b015d020d3a5d4fa96333b912b52a41f1ec5409de3414230ee1fb43	8a22b54d0b015d020d3a5d4fa96333b912b52a41f1ec5409de3414230ee1fb43	86b26fd6b86c0bbacb4aeece0fceda7a261c1003d499dead9c6e79885fe46e3c	xml-1.0-crlf-to-lf	false	1676	b5f91c714d1d417ab305cd4e9c381c191b0fbc71	MIT	declared-license	1	true	declarative_valid	compiled_waiting_for_agent	true	true	0dc2ed245630b0a59856e3aa8de72b9efeb174d35737d4315c2038fc7c00941a	denied-no-execution-authority	denied-no-execution-authority	unsupported	E_COMPILER_SUBSET_NOT_IMPLEMENTED	false
Blazemeter_taurus.Jenkinsfile	Blazemeter/taurus	074a0ee6c59965a517af59eabfc48d37fb2ee2b9d6735bad7ab6ca241c50bfdc	074a0ee6c59965a517af59eabfc48d37fb2ee2b9d6735bad7ab6ca241c50bfdc	074a0ee6c59965a517af59eabfc48d37fb2ee2b9d6735bad7ab6ca241c50bfdc	none	false	4448	bfd6aa36fdc814d82f43abd99f7b89279e800002	Apache-2.0	declared-license	1	true	declarative_valid	compile_or_model_failure	false	false	0a37286283225191aed224c435f4b5fbb2690b19d1fdc2faa5f1ace5aeecd77f	denied-no-execution-authority	denied-no-execution-authority	unsupported	E_COMPILER_SUBSET_NOT_IMPLEMENTED	false
Chabane_mitosis-microservice-spark-cassandra.Jenkinsfile	Chabane/mitosis-microservice-spark-cassandra	f9cf8fc20d1932ff38baa4edae4c071a93489c4f5aded7bb9edda90fef5f6ff3	f9cf8fc20d1932ff38baa4edae4c071a93489c4f5aded7bb9edda90fef5f6ff3	f9cf8fc20d1932ff38baa4edae4c071a93489c4f5aded7bb9edda90fef5f6ff3	none	false	984	6b232fadf5747eb609464b1e3f0ea3d904f6f397	Apache-2.0	declared-license	1	true	not_declarative_pipeline	compiled_waiting_for_agent	true	true	6caf5425c12417edecd6293622ecd4e65d23a92af2ea122d05e9ec0f8c5bd17c	denied-no-execution-authority	denied-no-execution-authority	unsupported	E_COMPILER_SUBSET_NOT_IMPLEMENTED	false
DeekshithSN_Jenkinsfile.Jenkinsfile	DeekshithSN/Jenkinsfile	3b51ff90605d69af6700d5afc230f886a6d7119ed8f76f3a7ddf68b6d14c5513	3b51ff90605d69af6700d5afc230f886a6d7119ed8f76f3a7ddf68b6d14c5513	3b51ff90605d69af6700d5afc230f886a6d7119ed8f76f3a7ddf68b6d14c5513	none	false	697	a4a2620ef1b99e365bb254116919cc486d2668f0	NOASSERTION	evidence-only-noassertion	1	true	declarative_valid	compiled_waiting_for_agent	true	true	6a637bc89614ee61dba814e333912f055ba8596b9e2ce261586fb8477bcfe3b0	denied-no-execution-authority	denied-no-execution-authority	unsupported	E_COMPILER_SUBSET_NOT_IMPLEMENTED	false
HariSekhon_DevOps-Bash-tools.Jenkinsfile	HariSekhon/DevOps-Bash-tools	def821a25309f566e5e68c2081126b2753b480cdea7748a785c0637c155a00ab	def821a25309f566e5e68c2081126b2753b480cdea7748a785c0637c155a00ab	def821a25309f566e5e68c2081126b2753b480cdea7748a785c0637c155a00ab	none	false	2269	4d9cdce86a2f408cb72ef02b20b3541ca803fade	MIT	declared-license	1	true	declarative_valid	compiled_waiting_for_agent	true	true	31d068bebddee614304ea714a195f941274229412ca418b6d5879fb8db90fd8d	denied-no-execution-authority	denied-no-execution-authority	unsupported	E_COMPILER_SUBSET_NOT_IMPLEMENTED	false
HariSekhon_Jenkins.Jenkinsfile	HariSekhon/Jenkins	88e3b12724f73e68bc823ec10d72e9df9bbdb73f4cea074abdc0766e5ec387d3	88e3b12724f73e68bc823ec10d72e9df9bbdb73f4cea074abdc0766e5ec387d3	88e3b12724f73e68bc823ec10d72e9df9bbdb73f4cea074abdc0766e5ec387d3	none	false	56749	53409ff7c39068cf93a4710a9c653a43fd90c7e5	MIT	declared-license	1	true	declarative_valid	compile_or_model_failure	false	false	5294bb09e29878076a451177e9411531ad12c8418f45c9dba66c34c6f45d460d	denied-no-execution-authority	denied-no-execution-authority	unsupported	E_COMPILER_SUBSET_NOT_IMPLEMENTED	false
HariSekhon_Nagios-Plugins.Jenkinsfile	HariSekhon/Nagios-Plugins	561f27d798986f7cafebb0c9ed61ed8989dfba1c96ceb5be2b2a1a73be1386fd	561f27d798986f7cafebb0c9ed61ed8989dfba1c96ceb5be2b2a1a73be1386fd	561f27d798986f7cafebb0c9ed61ed8989dfba1c96ceb5be2b2a1a73be1386fd	none	false	2263	61da09a2ab6c4a216901dde5f66402638f294305	NOASSERTION	evidence-only-noassertion	1	true	declarative_valid	compiled_waiting_for_agent	true	true	fc541a909b71e3a84266732a6e4524cd4741faf682c8ca49dd22708b0b384d57	denied-no-execution-authority	denied-no-execution-authority	unsupported	E_COMPILER_SUBSET_NOT_IMPLEMENTED	false
HariSekhon_Templates.Jenkinsfile	HariSekhon/Templates	6c263717a24af2836fc1795f59bdea6b8616d61bd499edb331d6c9d253478e34	6c263717a24af2836fc1795f59bdea6b8616d61bd499edb331d6c9d253478e34	6c263717a24af2836fc1795f59bdea6b8616d61bd499edb331d6c9d253478e34	none	false	19	d0e2903ff8b9e4a4091c2d582918fb809e547067	MIT	declared-license	1	true	not_declarative_pipeline	missing_binding_or_library	true	false	0a03adf409b148037885748dec79fc42419826d1a1bf4a33849b6b08bf298c8e	denied-no-execution-authority	denied-no-execution-authority	unsupported	E_COMPILER_SUBSET_NOT_IMPLEMENTED	false
Jotschi_maven-release-workflow-test.Jenkinsfile	Jotschi/maven-release-workflow-test	127d13fae4b3bc993db57fff2a702a9fef9b27e9496472d086f6423c73ed08e2	127d13fae4b3bc993db57fff2a702a9fef9b27e9496472d086f6423c73ed08e2	127d13fae4b3bc993db57fff2a702a9fef9b27e9496472d086f6423c73ed08e2	none	false	2449	535aeb92c7877ac2839c856f72f78fb2433f27f4	NOASSERTION	evidence-only-noassertion	1	true	not_declarative_pipeline	compiled_waiting_for_agent	true	true	e8bd4750a9c12b321bfc209e4390bbe515864c9ac4b90ce5942dfdc3828f1a24	denied-no-execution-authority	denied-no-execution-authority	unsupported	E_COMPILER_SUBSET_NOT_IMPLEMENTED	false
MrRameshRajendran_Hybrid_MultiCloud_Overlay.Jenkinsfile	MrRameshRajendran/Hybrid_MultiCloud_Overlay	abad58a171872921e261146c8e8ef935ece26bf636a4fe986ca5a508f822dc46	abad58a171872921e261146c8e8ef935ece26bf636a4fe986ca5a508f822dc46	abad58a171872921e261146c8e8ef935ece26bf636a4fe986ca5a508f822dc46	none	false	25734	4182cdd80bffed4c8ebb54240aad89445abc54a8	NOASSERTION	evidence-only-noassertion	3	true	declarative_valid	compiled_waiting_for_agent	true	true	a8d06e4136836810a8c844edac18b391915abc65cfd2bb039baf9dd4cc597bcc	denied-no-execution-authority	denied-no-execution-authority	unsupported	E_COMPILER_SUBSET_NOT_IMPLEMENTED	false
ORCID_ORCID-Source.Jenkinsfile	ORCID/ORCID-Source	f1e13eecbdfd94819bdd69753499d4f307d653e11b0fcc5c112bb35f43ef97aa	f1e13eecbdfd94819bdd69753499d4f307d653e11b0fcc5c112bb35f43ef97aa	f1e13eecbdfd94819bdd69753499d4f307d653e11b0fcc5c112bb35f43ef97aa	none	false	2782	45fce82b4a659f97b3cd37107073eb644deb29ce	NOASSERTION	evidence-only-noassertion	1	true	not_declarative_pipeline	compiled_waiting_for_agent	true	true	248f0247c2f1b66b65d820681e9b1f1aa77cfe245e7199d5b6e87331aa586879	denied-no-execution-authority	denied-no-execution-authority	unsupported	E_COMPILER_SUBSET_NOT_IMPLEMENTED	false
Primus19_jenkins-pipeline-deploy-to-eks.Jenkinsfile	Primus19/jenkins-pipeline-deploy-to-eks	1a63e6f351bb8eaa00397a29bd235eac48b34091fe27e7518dee11372136df51	1a63e6f351bb8eaa00397a29bd235eac48b34091fe27e7518dee11372136df51	1a63e6f351bb8eaa00397a29bd235eac48b34091fe27e7518dee11372136df51	none	false	949	b49d1b4eb3494db6c52ae6a3c1a0c2dcf81ba8ba	NOASSERTION	evidence-only-noassertion	1	true	declarative_valid	compiled_waiting_for_agent	true	true	193b178d198d3e9f30f417049820b8e4ca06357e9b74fcc6b3975565db15ba8e	denied-no-execution-authority	denied-no-execution-authority	unsupported	E_COMPILER_SUBSET_NOT_IMPLEMENTED	false
Rapter1990_springbootmicroservicedailybuffer.Jenkinsfile	Rapter1990/springbootmicroservicedailybuffer	4ecd459eb6be0438b11ef68044735f5195180ca5a6475d8054f5e0005c89f4ec	4ecd459eb6be0438b11ef68044735f5195180ca5a6475d8054f5e0005c89f4ec	4ecd459eb6be0438b11ef68044735f5195180ca5a6475d8054f5e0005c89f4ec	none	false	1196	33b73ac9d950ef0684527beb4116fcb326cb082b	NOASSERTION	evidence-only-noassertion	1	true	declarative_invalid	compile_or_model_failure	false	false	9d31e929e8ddd741efe3f08900e4ea8a7d359278938ab3c5159f69861988b942	denied-no-execution-authority	denied-no-execution-authority	unsupported	E_COMPILER_SUBSET_NOT_IMPLEMENTED	false
RitheeshBaradwaj_JenkinsPipeline.Jenkinsfile	RitheeshBaradwaj/JenkinsPipeline	6fd68b0ba7d2abe62a6726a72c31e1244ede4ffc32bdde3ab3209cfda74bdf00	6fd68b0ba7d2abe62a6726a72c31e1244ede4ffc32bdde3ab3209cfda74bdf00	98f0b16b9c217db2adfe1a6e03c3cd1f99ec591db730254a775834bd09206b89	xml-1.0-crlf-to-lf	false	2952	a542d04c10034506dca1ee7bda6ed81c05c3eacc	Apache-2.0	declared-license	1	true	declarative_valid	compiled_waiting_for_agent	true	true	4924f01ad02e1faea1089f3a9e4cc72155e9f6b47d9642e8d3889a6899806782	denied-no-execution-authority	denied-no-execution-authority	unsupported	E_COMPILER_SUBSET_NOT_IMPLEMENTED	false
Romeh_spring-boot-ignite.Jenkinsfile	Romeh/spring-boot-ignite	652f0086118dfcec254900be38b1c0290fec0f5f91bb995fd66f66b0101d0f09	652f0086118dfcec254900be38b1c0290fec0f5f91bb995fd66f66b0101d0f09	652f0086118dfcec254900be38b1c0290fec0f5f91bb995fd66f66b0101d0f09	none	false	4735	8b8638c76a6836d23ae6c403aa0f1c0234dcbeb0	Apache-2.0	declared-license	1	true	declarative_valid	compiled_waiting_for_agent	true	true	e21e62e4f4b07c494e5820bf2d6f88fc4db64ba96a64065eab16d4b873e9d479	denied-no-execution-authority	denied-no-execution-authority	unsupported	E_COMPILER_SUBSET_NOT_IMPLEMENTED	false
Romeh_spring-boot-sample-app.Jenkinsfile	Romeh/spring-boot-sample-app	78557a1b98eade3b0ed41d357c06acbaf327e38dccddfe8287de526b080d7634	78557a1b98eade3b0ed41d357c06acbaf327e38dccddfe8287de526b080d7634	78557a1b98eade3b0ed41d357c06acbaf327e38dccddfe8287de526b080d7634	none	false	13976	8308dfe5408462048e426ab881c4f2e3c7f9f0be	NOASSERTION	evidence-only-noassertion	1	true	declarative_valid	compiled_waiting_for_agent	true	true	f0c4d14369d5579097f934e415ec817a962d9a8a77cc884ec5ab0a3c0c18b455	denied-no-execution-authority	denied-no-execution-authority	unsupported	E_COMPILER_SUBSET_NOT_IMPLEMENTED	false
Statemood_jenkins-library.Jenkinsfile	Statemood/jenkins-library	f66ee69760ec268adb012b14e07241358653e9706e473ff8bfaeeb78ab94827e	f66ee69760ec268adb012b14e07241358653e9706e473ff8bfaeeb78ab94827e	f66ee69760ec268adb012b14e07241358653e9706e473ff8bfaeeb78ab94827e	none	false	131	3a49db8808355f68ceaec489df104f9274d084ba	Apache-2.0	declared-license	1	true	not_declarative_pipeline	compile_or_model_failure	false	false	15b4c1fe0ce6af8bd2cd0e00bbfd5395e659cf6f3e5ba3b19bc15c20e1592b69	denied-no-execution-authority	denied-no-execution-authority	unsupported	E_COMPILER_SUBSET_NOT_IMPLEMENTED	false
SumanReddy568_Selenium-Python-Pytest-framework.Jenkinsfile	SumanReddy568/Selenium-Python-Pytest-framework	f21604b7c13c45911f4c2426154799b436060f5cd12673c540aa023a9283e3ae	f21604b7c13c45911f4c2426154799b436060f5cd12673c540aa023a9283e3ae	f21604b7c13c45911f4c2426154799b436060f5cd12673c540aa023a9283e3ae	none	false	979	4ead70d8f56456f7830586bad27b24d7f6fb8555	NOASSERTION	evidence-only-noassertion	1	true	declarative_valid	compiled_waiting_for_agent	true	true	daa01c7a2041a802df6eae57214ffd6c4bce745df91d22d214fbce2f00ab1880	denied-no-execution-authority	denied-no-execution-authority	unsupported	E_COMPILER_SUBSET_NOT_IMPLEMENTED	false
SumitKr88_multiscanpipeline-jenkins-fastlane-ios.Jenkinsfile	SumitKr88/multiscanpipeline-jenkins-fastlane-ios	9e99e235d5e35ec19708a4af34e6be777f95ba25c5f99f72e3ad9b9147eb45cc	9e99e235d5e35ec19708a4af34e6be777f95ba25c5f99f72e3ad9b9147eb45cc	9e99e235d5e35ec19708a4af34e6be777f95ba25c5f99f72e3ad9b9147eb45cc	none	false	14021	213c101bfbcfd4a5c08d9f1f8e59258e65c2ad55	MIT	declared-license	1	true	declarative_valid	compiled_waiting_for_agent	true	true	0c5375d60e49ac8ef3c51a6193b4c934703fe607c881be698be760901f4d2bd9	denied-no-execution-authority	denied-no-execution-authority	unsupported	E_COMPILER_SUBSET_NOT_IMPLEMENTED	false
SumitM01_CI-CD-for-Docker-Kubernetes-using-Jenkins.Jenkinsfile	SumitM01/CI-CD-for-Docker-Kubernetes-using-Jenkins	85af9d066998a0b981f6937698b57eedbf7b3392757c0e4f81dd8ab7d91aeb99	85af9d066998a0b981f6937698b57eedbf7b3392757c0e4f81dd8ab7d91aeb99	85af9d066998a0b981f6937698b57eedbf7b3392757c0e4f81dd8ab7d91aeb99	none	false	3561	953fea5c8db80dd95b4f2812c7fafd4ac523b588	GPL-3.0	declared-license	1	true	declarative_invalid	compile_or_model_failure	false	false	25b323371e56bca4a8f863562171cd5f82e71d83c296be5eb1deff1d01af6d66	denied-no-execution-authority	denied-no-execution-authority	unsupported	E_COMPILER_SUBSET_NOT_IMPLEMENTED	false
TTFHW_jenkins_pipeline_java_maven.Jenkinsfile	TTFHW/jenkins_pipeline_java_maven	056bfea73508ad462fc4f7a04802116a7262c5862bab169a0eb7fdcf2b0a48c6	056bfea73508ad462fc4f7a04802116a7262c5862bab169a0eb7fdcf2b0a48c6	056bfea73508ad462fc4f7a04802116a7262c5862bab169a0eb7fdcf2b0a48c6	none	false	554	2b4b3263c8eb1b10f7e2cbddb6ddc68ee45c8433	NOASSERTION	evidence-only-noassertion	1	true	not_declarative_pipeline	compiled_waiting_for_agent	true	true	1d4a9b1a726144f080b3c033275becdc2757c1f58b69ac39a995e0a68970c169	denied-no-execution-authority	denied-no-execution-authority	unsupported	E_COMPILER_SUBSET_NOT_IMPLEMENTED	false
TTFHW_jenkins_pipeline_shell_scripts.Jenkinsfile	TTFHW/jenkins_pipeline_shell_scripts	5807654497ce64088988cd65eff0219f7d2f246c72ed9eb900a17204ec28e715	5807654497ce64088988cd65eff0219f7d2f246c72ed9eb900a17204ec28e715	5807654497ce64088988cd65eff0219f7d2f246c72ed9eb900a17204ec28e715	none	false	259	a21c87d3919ea496f663f880d07c535ad7952659	NOASSERTION	evidence-only-noassertion	1	true	not_declarative_pipeline	compiled_waiting_for_agent	true	true	4825a4353053cbb901e241ff06652231e21c70000743a2cff799aaa8e5c4cd92	denied-no-execution-authority	denied-no-execution-authority	unsupported	E_COMPILER_SUBSET_NOT_IMPLEMENTED	false
TechPrimers_jenkins-example.Jenkinsfile	TechPrimers/jenkins-example	3a6417cae39894496497d7e0f5782bb0fa381b3695c9ae0653e6706e888b321c	3a6417cae39894496497d7e0f5782bb0fa381b3695c9ae0653e6706e888b321c	3a6417cae39894496497d7e0f5782bb0fa381b3695c9ae0653e6706e888b321c	none	false	608	03df67aeee07fa96c3bd8660b8f69fb1221fbd29	NOASSERTION	evidence-only-noassertion	1	true	declarative_valid	compiled_waiting_for_agent	true	true	1105cfbf2b56a35a0b54e1d94a999af48ac87ccd1a0b2114a983996871812055	denied-no-execution-authority	denied-no-execution-authority	unsupported	E_COMPILER_SUBSET_NOT_IMPLEMENTED	false
Terradue_DotNet4One.Jenkinsfile	Terradue/DotNet4One	6e09ceeaf8d956ba9d0e9cc0fd80c0ab81ba35d158c593e6696b9c9d943fd382	6e09ceeaf8d956ba9d0e9cc0fd80c0ab81ba35d158c593e6696b9c9d943fd382	6e09ceeaf8d956ba9d0e9cc0fd80c0ab81ba35d158c593e6696b9c9d943fd382	none	false	1149	2d6b5e169dcdc6ef2d6df5a2768bbc069e73c281	AGPL-3.0	declared-license	1	true	declarative_valid	compiled_waiting_for_agent	true	true	6065f3e509d3bb5b5b168ed4f3a1817ed2b7bbb70d764f78e1bf32ea439dcd57	denied-no-execution-authority	denied-no-execution-authority	unsupported	E_COMPILER_SUBSET_NOT_IMPLEMENTED	false
Terradue_DotNetOpenSearchClient.Jenkinsfile	Terradue/DotNetOpenSearchClient	6bd7a34b50ffc26a96d1f4f16a3b59f011be2080e0e4e806d26fdcd2de7417e1	6bd7a34b50ffc26a96d1f4f16a3b59f011be2080e0e4e806d26fdcd2de7417e1	6bd7a34b50ffc26a96d1f4f16a3b59f011be2080e0e4e806d26fdcd2de7417e1	none	false	8694	dd5eefc27312992eca6d343bf6548f78933edfb5	GPL-2.0	declared-license	1	true	declarative_valid	compiled_waiting_for_agent	true	true	19741a322f3ee43ac7e975ab110e1e6a4864d1637717e5565cbbb967ea6f7a04	denied-no-execution-authority	denied-no-execution-authority	unsupported	E_COMPILER_SUBSET_NOT_IMPLEMENTED	false
TomCzHen_jenkins-android-sample.Jenkinsfile	TomCzHen/jenkins-android-sample	7b704a07000e3f3d4ba5cabb6f724eea3eac11f4b359603e8ccc7105040a0ed4	7b704a07000e3f3d4ba5cabb6f724eea3eac11f4b359603e8ccc7105040a0ed4	7b704a07000e3f3d4ba5cabb6f724eea3eac11f4b359603e8ccc7105040a0ed4	none	false	3825	d6e7eb107d9f9ee21285831d9c9db40abc34675d	NOASSERTION	evidence-only-noassertion	1	true	declarative_valid	compiled_waiting_for_agent	true	true	b414aebaf8ed1c813ee21f5e653cb40b76652d4984e2084903ac68dd5112f77b	denied-no-execution-authority	denied-no-execution-authority	unsupported	E_COMPILER_SUBSET_NOT_IMPLEMENTED	false
Tynab_crm-project.Jenkinsfile	Tynab/crm-project	2675911170287f5838f9c9832d9b1ad4fbbe0ee376ce7604308239b7387d9d25	2675911170287f5838f9c9832d9b1ad4fbbe0ee376ce7604308239b7387d9d25	2675911170287f5838f9c9832d9b1ad4fbbe0ee376ce7604308239b7387d9d25	none	false	4052	0d066babe0b4cb6c67ee88b30428c7b30b0e562b	NOASSERTION	evidence-only-noassertion	1	true	declarative_valid	compiled_waiting_for_agent	true	true	965d916b7ee75005960931074506c3fc9bcc2167237603ca2419a8a2d5cce8ac	denied-no-execution-authority	denied-no-execution-authority	unsupported	E_COMPILER_SUBSET_NOT_IMPLEMENTED	false
VAD37_unity-jenkinsfile.Jenkinsfile	VAD37/unity-jenkinsfile	aa892a5663f6f663386c97037f58fa4f0ff2843a3750241941691e69d938c67f	aa892a5663f6f663386c97037f58fa4f0ff2843a3750241941691e69d938c67f	aa892a5663f6f663386c97037f58fa4f0ff2843a3750241941691e69d938c67f	none	false	12774	4097ab8cad238fa1284e40eb2c256b23ea8d12a2	NOASSERTION	evidence-only-noassertion	1	true	declarative_valid	other_runtime_failure	true	false	ea1dc6b45ed39ad5759b867f74e0a3b0580b8469e9fdfcf766ebf63be3de3d72	denied-no-execution-authority	denied-no-execution-authority	unsupported	E_COMPILER_SUBSET_NOT_IMPLEMENTED	false
adamrushuk_powershell-pipeline.Jenkinsfile	adamrushuk/powershell-pipeline	9b3f291bda53d9f3839778edb32eb0263cda45f1eaf52c355bc5ced398d68163	9b3f291bda53d9f3839778edb32eb0263cda45f1eaf52c355bc5ced398d68163	9b3f291bda53d9f3839778edb32eb0263cda45f1eaf52c355bc5ced398d68163	none	false	1379	9b1e8fffd2279687c48556eb9b3002a84b6308e2	MIT	declared-license	1	true	declarative_valid	missing_cloud_configuration	true	false	85e99b319079ba245576b7910b5eec5cebf0274c3ebb7f079b507a69954aa761	denied-no-execution-authority	denied-no-execution-authority	unsupported	E_COMPILER_SUBSET_NOT_IMPLEMENTED	false
ahmedmourshedi_Automation-Testing-of-ECommerce-WebsiteUsingSelenium.Jenkinsfile	ahmedmourshedi/Automation-Testing-of-ECommerce-WebsiteUsingSelenium	605d0da4337e30f6da40bda43f0c6db9ef87d0214c244271c008f327f1ace74c	605d0da4337e30f6da40bda43f0c6db9ef87d0214c244271c008f327f1ace74c	e3cbc1c7aea51429f40c0410ea17790509de2ee85e4e760bec143050f21d5f33	xml-1.0-crlf-to-lf	false	799	0110c5f3748058d4f9776c408816924f5aa63cca	NOASSERTION	evidence-only-noassertion	1	true	not_declarative_pipeline	compiled_waiting_for_agent	true	true	ca93b4d3ee6b8026bda30450fbec6a93519efb820f45cd0046a69b957e582adc	denied-no-execution-authority	denied-no-execution-authority	unsupported	E_COMPILER_SUBSET_NOT_IMPLEMENTED	false
aiwithqasim_Capstone-Project-Devops.Jenkinsfile	aiwithqasim/Capstone-Project-Devops	b9c0cea6dc126f31e7398a6395f0bcb0ebe135f3b6c2bb97eb53881387d30a04	b9c0cea6dc126f31e7398a6395f0bcb0ebe135f3b6c2bb97eb53881387d30a04	b9c0cea6dc126f31e7398a6395f0bcb0ebe135f3b6c2bb97eb53881387d30a04	none	false	1376	484c302a838df371a85a5feb0136bf714421951a	NOASSERTION	evidence-only-noassertion	1	true	declarative_valid	compiled_waiting_for_agent	true	true	35547ebdcc2c74c2164b0a77a1e37ba807ce43de266d8dcff742fbc15a8222f5	denied-no-execution-authority	denied-no-execution-authority	unsupported	E_COMPILER_SUBSET_NOT_IMPLEMENTED	false
alanmacgowan_WebApplication.Jenkinsfile	alanmacgowan/WebApplication	9a758841ca77c7196df4f8e783d7e841b8602244a29d808102863e8536be7f1a	9a758841ca77c7196df4f8e783d7e841b8602244a29d808102863e8536be7f1a	9a758841ca77c7196df4f8e783d7e841b8602244a29d808102863e8536be7f1a	none	false	6910	38a4988d0299f8e33aa8039441e03cd80ce484db	NOASSERTION	evidence-only-noassertion	1	true	declarative_valid	compiled_waiting_for_agent	true	true	9da9feb306211c1d1aff6e3986350116c7d1df02c73466adfa807ff06553e883	denied-no-execution-authority	denied-no-execution-authority	unsupported	E_COMPILER_SUBSET_NOT_IMPLEMENTED	false
alexguzun_jenkins-pipeline-gitflow-maven.Jenkinsfile	alexguzun/jenkins-pipeline-gitflow-maven	261712ed4d1062321f0366fb96a1fc2a5ed9189fa8e497a1cf7572e964e83be4	261712ed4d1062321f0366fb96a1fc2a5ed9189fa8e497a1cf7572e964e83be4	261712ed4d1062321f0366fb96a1fc2a5ed9189fa8e497a1cf7572e964e83be4	none	false	3634	98d50ea15871bd5f74c883a1c4ba5731769625de	NOASSERTION	evidence-only-noassertion	1	true	not_declarative_pipeline	compiled_waiting_for_agent	true	true	cdc48e8713a33734cabe1e2e4bda202db82c8fb79abbf9f379d270cb408c7231	denied-no-execution-authority	denied-no-execution-authority	unsupported	E_COMPILER_SUBSET_NOT_IMPLEMENTED	false
allcloud-io_jenkins-pipeline-tutorial.Jenkinsfile	allcloud-io/jenkins-pipeline-tutorial	7bf47940d691f7f0e8514f72f92dc2935e38adc229a22d77124a46f305a28400	7bf47940d691f7f0e8514f72f92dc2935e38adc229a22d77124a46f305a28400	7bf47940d691f7f0e8514f72f92dc2935e38adc229a22d77124a46f305a28400	none	false	942	d50fedb0ccca47627d3d7e0bb564e3ad334288a7	NOASSERTION	evidence-only-noassertion	1	true	declarative_valid	compiled_waiting_for_agent	true	true	7c2f31e8ada6c4dda1ea60d28d3ebe1d7efefb56d7472a5fa9b403e78aa8c0bb	denied-no-execution-authority	denied-no-execution-authority	unsupported	E_COMPILER_SUBSET_NOT_IMPLEMENTED	false
arun-gupta_docker-jenkins-pipeline.Jenkinsfile	arun-gupta/docker-jenkins-pipeline	4e4ea3e7053a4bf64d9ec895eff0b57c9f18008d9d263bcb917aec621a91361d	4e4ea3e7053a4bf64d9ec895eff0b57c9f18008d9d263bcb917aec621a91361d	4e4ea3e7053a4bf64d9ec895eff0b57c9f18008d9d263bcb917aec621a91361d	none	false	1274	10a4ce7972939104874b57bf71983b360bb7b714	NOASSERTION	evidence-only-noassertion	1	true	not_declarative_pipeline	compiled_waiting_for_agent	true	true	1c20fb75ad4e1d901b4c8ce9e8426127531e1a4383da6fdd8f3402bf2f061c97	denied-no-execution-authority	denied-no-execution-authority	unsupported	E_COMPILER_SUBSET_NOT_IMPLEMENTED	false
aws-samples_ecs-bg-external-controller.Jenkinsfile	aws-samples/ecs-bg-external-controller	4769a05ea89b0ec7c9ecb3ee3b16ee91350375ad88d5a1be58cafff10e0a570c	4769a05ea89b0ec7c9ecb3ee3b16ee91350375ad88d5a1be58cafff10e0a570c	4769a05ea89b0ec7c9ecb3ee3b16ee91350375ad88d5a1be58cafff10e0a570c	none	false	17055	ee47e64ef1cf11ae561970c9ec5c124408779171	MIT-0	declared-license	1	true	declarative_valid	compiled_waiting_for_agent	true	true	dc37bf89a8cc12a28ef08b80731fd1dd393109d89a4e688a1df3f97f08b2571b	denied-no-execution-authority	denied-no-execution-authority	unsupported	E_COMPILER_SUBSET_NOT_IMPLEMENTED	false
awslabs_aws-codepipeline-plugin-for-jenkins.Jenkinsfile	awslabs/aws-codepipeline-plugin-for-jenkins	5f73e8a6f186be327095bec7598ce879a8ab2d6502c06a277f24ffcfc4af2ff8	5f73e8a6f186be327095bec7598ce879a8ab2d6502c06a277f24ffcfc4af2ff8	5f73e8a6f186be327095bec7598ce879a8ab2d6502c06a277f24ffcfc4af2ff8	none	false	124	12084a12a612ac32a2756ee89c7b44c662066db7	Apache-2.0	declared-license	1	true	not_declarative_pipeline	missing_step_or_plugin	true	false	4646684ad8c32a14fb765306d2c24e7f1492a8408c9d86ecab68715c9b668767	denied-no-execution-authority	denied-no-execution-authority	unsupported	E_COMPILER_SUBSET_NOT_IMPLEMENTED	false
bcgov_openshift-wiki.Jenkinsfile	bcgov/openshift-wiki	50c79ee4516d4a7df046efbfff8bc10d5f5b6e72fe84ab1443d6df647410d29b	50c79ee4516d4a7df046efbfff8bc10d5f5b6e72fe84ab1443d6df647410d29b	50c79ee4516d4a7df046efbfff8bc10d5f5b6e72fe84ab1443d6df647410d29b	none	false	78	ee118744366153cd354f966a4df66253668824ad	Apache-2.0	declared-license	1	true	not_declarative_pipeline	compiled_waiting_for_agent	true	true	e8dfcfb2335b77e90eddf0695945935faca3228317ddb9c980fcd81b4eb0d20b	denied-no-execution-authority	denied-no-execution-authority	unsupported	E_COMPILER_SUBSET_NOT_IMPLEMENTED	false
beifei1_fire-cloud.Jenkinsfile	beifei1/fire-cloud	d93e4c083eab6071ba7bea1c2e16d704530b5ae9fc32b05195b464a69ccdaada	d93e4c083eab6071ba7bea1c2e16d704530b5ae9fc32b05195b464a69ccdaada	d93e4c083eab6071ba7bea1c2e16d704530b5ae9fc32b05195b464a69ccdaada	none	false	4390	a908037756ff1b54cd788358b24e21052d8d5fb6	Apache-2.0	declared-license	1	true	declarative_invalid	compile_or_model_failure	false	false	5fde68b2452e5794d2197f976a6fa49ca31583e1d50fd7d1c550d85e72959e2f	denied-no-execution-authority	denied-no-execution-authority	unsupported	E_COMPILER_SUBSET_NOT_IMPLEMENTED	false
bmustiata_jenny.Jenkinsfile	bmustiata/jenny	ca0d63014147a42547554f314d9dc5b15bed18dddcfdc52c70b172f8c47c0ab8	ca0d63014147a42547554f314d9dc5b15bed18dddcfdc52c70b172f8c47c0ab8	ca0d63014147a42547554f314d9dc5b15bed18dddcfdc52c70b172f8c47c0ab8	none	false	2013	1fd5b873684a747d9924f3f07d4e114c2193ac3c	BSD-3-Clause	declared-license	1	true	not_declarative_pipeline	compiled_waiting_for_agent	true	true	fca439a21325c977dadba38a981d9578260551bb238fd4756984116021d126da	denied-no-execution-authority	denied-no-execution-authority	unsupported	E_COMPILER_SUBSET_NOT_IMPLEMENTED	false
boozallen_devsecops-example-helloworld.Jenkinsfile	boozallen/devsecops-example-helloworld	b0453dfb79a7c904e4b3b499596c78549fd83c20ae0dca134cff2949a237e558	b0453dfb79a7c904e4b3b499596c78549fd83c20ae0dca134cff2949a237e558	b0453dfb79a7c904e4b3b499596c78549fd83c20ae0dca134cff2949a237e558	none	false	9643	697f0c8f0595790bb1522b288b05fc32ca63f3b5	NOASSERTION	evidence-only-noassertion	1	true	declarative_valid	compiled_waiting_for_agent	true	true	d49413447864aa3966bca31e39d3026b8d34481dcf18fb42918b9d3816a2347b	denied-no-execution-authority	denied-no-execution-authority	unsupported	E_COMPILER_SUBSET_NOT_IMPLEMENTED	false
bszeti_kubernetes-integration-test.Jenkinsfile	bszeti/kubernetes-integration-test	9a3e0ac623a8ed5c65e4bcc8f590d09d2bfd118ce8ea8d456a73d0bc73277cd2	9a3e0ac623a8ed5c65e4bcc8f590d09d2bfd118ce8ea8d456a73d0bc73277cd2	9a3e0ac623a8ed5c65e4bcc8f590d09d2bfd118ce8ea8d456a73d0bc73277cd2	none	false	4742	fa2e0e60c7918acf5d64533363ac859b12b13801	Apache-2.0	declared-license	1	true	not_declarative_pipeline	missing_cloud_configuration	true	false	57f170fb8c3ac6270f8a6a10c81f0913271f69c920b3ea6f266866eca8ab59f6	denied-no-execution-authority	denied-no-execution-authority	unsupported	E_COMPILER_SUBSET_NOT_IMPLEMENTED	false
buildit_jenkins-pipeline-libraries.Jenkinsfile	buildit/jenkins-pipeline-libraries	894ac23ae5e37840615c979b33bff728c157669b0bf8bfb74f1f4def7d828dee	894ac23ae5e37840615c979b33bff728c157669b0bf8bfb74f1f4def7d828dee	894ac23ae5e37840615c979b33bff728c157669b0bf8bfb74f1f4def7d828dee	none	false	546	fe3ef22d856cf6f2e37e76890aa3b70ffc7313b3	NOASSERTION	evidence-only-noassertion	1	true	declarative_invalid	compile_or_model_failure	false	false	171b745e4e09c1688e7ba1d91b20ca9845cd4df310590ed53b017cd8a594122e	denied-no-execution-authority	denied-no-execution-authority	unsupported	E_COMPILER_SUBSET_NOT_IMPLEMENTED	false
camiloribeiro_cdeasy.Jenkinsfile	camiloribeiro/cdeasy	392d3667712d3b458ba56bef2af90c80c5879d88f79cfe19d626f35c785af800	392d3667712d3b458ba56bef2af90c80c5879d88f79cfe19d626f35c785af800	392d3667712d3b458ba56bef2af90c80c5879d88f79cfe19d626f35c785af800	none	false	2463	95364bc2fa985987557311d21fbde227dcff8b95	NOASSERTION	evidence-only-noassertion	1	true	not_declarative_pipeline	compiled_waiting_for_agent	true	true	5899df3590597d866942a6d933770831796864bf14e0795f992ee7b556b62ced	denied-no-execution-authority	denied-no-execution-authority	unsupported	E_COMPILER_SUBSET_NOT_IMPLEMENTED	false
captjt_jenkins-pipeline-express.Jenkinsfile	captjt/jenkins-pipeline-express	81a38fff16ee5817dc7d08c015ef4b625c3c5a122ea0135201090b2ff5854d66	81a38fff16ee5817dc7d08c015ef4b625c3c5a122ea0135201090b2ff5854d66	81a38fff16ee5817dc7d08c015ef4b625c3c5a122ea0135201090b2ff5854d66	none	false	1668	91560f78b32f7b225913eac4055765b65942a000	NOASSERTION	evidence-only-noassertion	1	true	not_declarative_pipeline	compiled_waiting_for_agent	true	true	63f60eaec9cab79133f2973d27df58bf9ab10c756ec623fe65abc65d22f8eaad	denied-no-execution-authority	denied-no-execution-authority	unsupported	E_COMPILER_SUBSET_NOT_IMPLEMENTED	false
charlires_golang-docker-jenkins.Jenkinsfile	charlires/golang-docker-jenkins	35091bc2909001e1fa14b136e30a6cf983406342c7a3ab6924f08b225c05f1a9	35091bc2909001e1fa14b136e30a6cf983406342c7a3ab6924f08b225c05f1a9	35091bc2909001e1fa14b136e30a6cf983406342c7a3ab6924f08b225c05f1a9	none	false	439	083734415a092b42f2194eefff2af6936566890d	Apache-2.0	declared-license	1	true	declarative_valid	compiled_waiting_for_agent	true	true	387d33f55be9bb82ae0777d6f722cc1dded5d88548acba949ef7d0b231e242e7	denied-no-execution-authority	denied-no-execution-authority	unsupported	E_COMPILER_SUBSET_NOT_IMPLEMENTED	false
choiis_Cpp-IOCP-Server.Jenkinsfile	choiis/Cpp-IOCP-Server	8d5ae2ed11a8ff527d2e51db098ba498c8f25da027c1b71a00f7ce2c05ecb3a3	8d5ae2ed11a8ff527d2e51db098ba498c8f25da027c1b71a00f7ce2c05ecb3a3	8d5ae2ed11a8ff527d2e51db098ba498c8f25da027c1b71a00f7ce2c05ecb3a3	none	false	799	208e82c67a54062300ec1406054097eec6d36732	NOASSERTION	evidence-only-noassertion	1	true	declarative_invalid	compile_or_model_failure	false	false	bd72e7ebe3526b5e7540ea20e70cbb452f5ad6b5471911f4b35f769a61931fc8	denied-no-execution-authority	denied-no-execution-authority	unsupported	E_COMPILER_SUBSET_NOT_IMPLEMENTED	false
chrsoo_microservices.Jenkinsfile	chrsoo/microservices	14a17ebfce7c4911aa757fda4023aea548303544e6681768120cc223c7bac501	14a17ebfce7c4911aa757fda4023aea548303544e6681768120cc223c7bac501	14a17ebfce7c4911aa757fda4023aea548303544e6681768120cc223c7bac501	none	false	80	8908db0a454bb7e040717169b46f780b4443bb15	NOASSERTION	evidence-only-noassertion	1	true	not_declarative_pipeline	compile_or_model_failure	false	false	69738c012546017808ed64ca831e8bc57ac330ad0ec082560ed4d9fc83bab519	denied-no-execution-authority	denied-no-execution-authority	unsupported	E_COMPILER_SUBSET_NOT_IMPLEMENTED	false
cinqict_jenkinsdev.Jenkinsfile	cinqict/jenkinsdev	666ac2275ea75730e27cf7b565d757691b094c508355adc0199d745278a23100	666ac2275ea75730e27cf7b565d757691b094c508355adc0199d745278a23100	666ac2275ea75730e27cf7b565d757691b094c508355adc0199d745278a23100	none	false	177	d20369f19c12899e2f3bc5c8fbce7e7b81752fb7	MIT	declared-license	1	true	declarative_valid	compiled_waiting_for_agent	true	true	4254b57e587750bef1642e8cd89ec7ba738a52a4074c6d5db4ed941d5384828f	denied-no-execution-authority	denied-no-execution-authority	admitted-compile-only	compiled-disabled-import	false
clintmod_unit-testing-jenkinsfile.Jenkinsfile	clintmod/unit-testing-jenkinsfile	985a7ae786b5e36f48d99a96aef921714bcdb30fc2eae1235a8ce6dd9a339c4a	985a7ae786b5e36f48d99a96aef921714bcdb30fc2eae1235a8ce6dd9a339c4a	985a7ae786b5e36f48d99a96aef921714bcdb30fc2eae1235a8ce6dd9a339c4a	none	false	2575	4b84e12c6de5c4c091d52f450169b2e9f9729f0c	MIT	declared-license	1	true	not_declarative_pipeline	compiled_waiting_for_agent	true	true	43f143daff82003965b7c9d2f141f50aea8d9a1ac552b9df056d1c5b8aa68c62	denied-no-execution-authority	denied-no-execution-authority	unsupported	E_COMPILER_SUBSET_NOT_IMPLEMENTED	false
cloud-bulldozer_scale-ci-pipeline.Jenkinsfile	cloud-bulldozer/scale-ci-pipeline	208f13eb41d51e92453caffb5696aef677e24a1bec4a184e69ce23a84161349c	208f13eb41d51e92453caffb5696aef677e24a1bec4a184e69ce23a84161349c	208f13eb41d51e92453caffb5696aef677e24a1bec4a184e69ce23a84161349c	none	false	15620	b82a4cf07fb24343dcaeeca9704a8ed3995f2457	Apache-2.0	declared-license	1	true	not_declarative_pipeline	missing_binding_or_library	true	false	ea5612b8d3b54bd35a7ed656ab7c31947b5ad0e2f2269d9c4c583a00ad9340c7	denied-no-execution-authority	denied-no-execution-authority	unsupported	E_COMPILER_SUBSET_NOT_IMPLEMENTED	false
cloudogu_ces-build-lib.Jenkinsfile	cloudogu/ces-build-lib	10723adab4589a4d39d083ac7cc63e9f8d19ef4a5b0249fc06473556015b976e	10723adab4589a4d39d083ac7cc63e9f8d19ef4a5b0249fc06473556015b976e	10723adab4589a4d39d083ac7cc63e9f8d19ef4a5b0249fc06473556015b976e	none	false	2683	55fedb4721c2fca13ce945d21e73898308b4919a	AGPL-3.0	declared-license	1	true	not_declarative_pipeline	compiled_waiting_for_agent	true	true	5f511d3136db3363d1569b375a06c778d22f964dc0c5e5e8e27addfafd4c7142	denied-no-execution-authority	denied-no-execution-authority	unsupported	E_COMPILER_SUBSET_NOT_IMPLEMENTED	false
cloudogu_continuous-delivery-slides.Jenkinsfile	cloudogu/continuous-delivery-slides	18336858a375c5bd556e582697a23121a2646eb413b1667ac39e2d1d20b6be55	18336858a375c5bd556e582697a23121a2646eb413b1667ac39e2d1d20b6be55	18336858a375c5bd556e582697a23121a2646eb413b1667ac39e2d1d20b6be55	none	false	7997	4e7079c4d701e41d8a6298a0dfc106dcc0e4ef2b	MIT	declared-license	1	true	not_declarative_pipeline	compile_or_model_failure	false	false	fbeaa5d14c362e5cc2e3324efd2c9f71d2908f522c00a441c8c76e36d7228501	denied-no-execution-authority	denied-no-execution-authority	unsupported	E_COMPILER_SUBSET_NOT_IMPLEMENTED	false
cloudogu_gitops-build-lib.Jenkinsfile	cloudogu/gitops-build-lib	b919e0cdb82e6afb7ab874bda04c95d87c46776ec96e8c109d43486669e613c3	b919e0cdb82e6afb7ab874bda04c95d87c46776ec96e8c109d43486669e613c3	b919e0cdb82e6afb7ab874bda04c95d87c46776ec96e8c109d43486669e613c3	none	false	1549	ef676df34eb798971073d6b6378a70a97d9e9a99	AGPL-3.0	declared-license	1	true	not_declarative_pipeline	compile_or_model_failure	false	false	1ef9db597907430e6282892479f06d2cfd4cda2675f5689e89795d26dd92430f	denied-no-execution-authority	denied-no-execution-authority	unsupported	E_COMPILER_SUBSET_NOT_IMPLEMENTED	false
cloudogu_gitops-playground.Jenkinsfile	cloudogu/gitops-playground	e6e579afb1e8f521ed7c46157760693de07a2a4ed2b704f6c2553629a1c20315	e6e579afb1e8f521ed7c46157760693de07a2a4ed2b704f6c2553629a1c20315	e6e579afb1e8f521ed7c46157760693de07a2a4ed2b704f6c2553629a1c20315	none	false	12821	362f496ffb3d1660c81682a881129375d696f6e8	AGPL-3.0	declared-license	1	true	declarative_valid	compiled_waiting_for_agent	true	true	a601896d848ea6db6e6108cf77768ef316b1e0dedf35d358cb1c07b4f4324238	denied-no-execution-authority	denied-no-execution-authority	unsupported	E_COMPILER_SUBSET_NOT_IMPLEMENTED	false
cloudogu_reveal.js-docker-example.Jenkinsfile	cloudogu/reveal.js-docker-example	5f6e81afdf7bb6e7e5a3392135c543e8db20239581fb9748a9f35106838042c2	5f6e81afdf7bb6e7e5a3392135c543e8db20239581fb9748a9f35106838042c2	5f6e81afdf7bb6e7e5a3392135c543e8db20239581fb9748a9f35106838042c2	none	false	8279	0a5c5afd1e1b2541709a95b024af0f38e03b3377	NOASSERTION	evidence-only-noassertion	1	true	not_declarative_pipeline	compile_or_model_failure	false	false	9568f226295c6d51336a15faa9b629245becfd1cdfe77d05b48ee6464e07883e	denied-no-execution-authority	denied-no-execution-authority	unsupported	E_COMPILER_SUBSET_NOT_IMPLEMENTED	false
concur_jenkins-yml-workflowLibs.Jenkinsfile	concur/jenkins-yml-workflowLibs	5f3ff6c25b67bc3df0104d1c205b6297174974c308dafd501f27fc62096b4931	5f3ff6c25b67bc3df0104d1c205b6297174974c308dafd501f27fc62096b4931	5f3ff6c25b67bc3df0104d1c205b6297174974c308dafd501f27fc62096b4931	none	false	126	68a11e70087a72f3078ed487d85843db464fe4bb	Apache-2.0	declared-license	1	true	not_declarative_pipeline	missing_binding_or_library	true	false	1dfa93f06ea2f8efd3001a37a2011c8fb5107db6698adb4195bc32d0ff2ce6f3	denied-no-execution-authority	denied-no-execution-authority	unsupported	E_COMPILER_SUBSET_NOT_IMPLEMENTED	false
cvitter_jenkins-pipeline-examples.Jenkinsfile	cvitter/jenkins-pipeline-examples	4c7a5ac0431ca337c635678d5320fc987e232ed5336f0c9cee956ec08b3f7fe1	4c7a5ac0431ca337c635678d5320fc987e232ed5336f0c9cee956ec08b3f7fe1	4c7a5ac0431ca337c635678d5320fc987e232ed5336f0c9cee956ec08b3f7fe1	none	false	358	3093b478bf713c23b056b6f0162e87ebf3f9ee04	Apache-2.0	declared-license	1	true	declarative_valid	compiled_waiting_for_agent	true	true	12065b03e2d6b4b26e732804117437e6de52c7a5cbb00ed70bbf1c6efd9bd97a	denied-no-execution-authority	denied-no-execution-authority	unsupported	E_COMPILER_SUBSET_NOT_IMPLEMENTED	false
darinpope_jenkinsfile-library.Jenkinsfile	darinpope/jenkinsfile-library	a3d655644fd87b7faaef8ac2024f689a35bb3d5d34d2e82ac284eeb7f7ba52c4	a3d655644fd87b7faaef8ac2024f689a35bb3d5d34d2e82ac284eeb7f7ba52c4	a3d655644fd87b7faaef8ac2024f689a35bb3d5d34d2e82ac284eeb7f7ba52c4	none	false	280	23a7c8096d6ef80dbd0a264c532fcea26ec6f290	Apache-2.0	declared-license	1	true	not_declarative_pipeline	compile_or_model_failure	false	false	e3828cc5d208eac65fdf8c51f4bc695f61ea92a95d01fc035604e9774355aeae	denied-no-execution-authority	denied-no-execution-authority	unsupported	E_COMPILER_SUBSET_NOT_IMPLEMENTED	false
devops-ws_learn-pipeline-java.Jenkinsfile	devops-ws/learn-pipeline-java	38d8798a5d4d068f5b12ffde42cbc35b6c51621b9eb2ba042f31de76ff013f95	38d8798a5d4d068f5b12ffde42cbc35b6c51621b9eb2ba042f31de76ff013f95	38d8798a5d4d068f5b12ffde42cbc35b6c51621b9eb2ba042f31de76ff013f95	none	false	466	57a532912f1826de3c6569a05b4bd68fd1c81c86	MIT	declared-license	1	true	declarative_valid	compiled_waiting_for_agent	true	true	2d45dffb420f816f65246d3b5888a56fd48e0f05afd5d6fa450de0e7893bb87a	denied-no-execution-authority	denied-no-execution-authority	unsupported	E_COMPILER_SUBSET_NOT_IMPLEMENTED	false
eggsy84_gcp-spring-boot-app.Jenkinsfile	eggsy84/gcp-spring-boot-app	3daa17e4e696aa3a7022ff84d31c26bc00980ecf2e24c5c727c3c5f6085b8554	3daa17e4e696aa3a7022ff84d31c26bc00980ecf2e24c5c727c3c5f6085b8554	3daa17e4e696aa3a7022ff84d31c26bc00980ecf2e24c5c727c3c5f6085b8554	none	false	2083	434f9e89ee8787551c769c4b65206ff4b7f23bb2	MIT	declared-license	1	true	not_declarative_pipeline	missing_cloud_configuration	true	false	55bbad6cdd3a860d7fc3e35164d1a626030cf85ff7e166af25875fb26caabf09	denied-no-execution-authority	denied-no-execution-authority	unsupported	E_COMPILER_SUBSET_NOT_IMPLEMENTED	false
eldada_jenkins-pipeline-kubernetes.Jenkinsfile	eldada/jenkins-pipeline-kubernetes	8a5f2aaaa58045e9695cd74d2e90d747ac4a57171d4562a7259c76ac712c8dd3	8a5f2aaaa58045e9695cd74d2e90d747ac4a57171d4562a7259c76ac712c8dd3	8a5f2aaaa58045e9695cd74d2e90d747ac4a57171d4562a7259c76ac712c8dd3	none	false	13498	d2cf7d52cea16aa5f2365bbfbbe5ef7cc70fc02b	NOASSERTION	evidence-only-noassertion	1	true	declarative_valid	compiled_waiting_for_agent	true	true	b34a5f057281b1a095199b7ab624ee495911d8547937cf49c2a1d967fe8fd82c	denied-no-execution-authority	denied-no-execution-authority	unsupported	E_COMPILER_SUBSET_NOT_IMPLEMENTED	false
esign-consulting_logistics.Jenkinsfile	esign-consulting/logistics	e32fe14bd82f319973659895f4779c58172845f014f78b0093cb6453d639bfd2	e32fe14bd82f319973659895f4779c58172845f014f78b0093cb6453d639bfd2	e32fe14bd82f319973659895f4779c58172845f014f78b0093cb6453d639bfd2	none	false	3898	8570c1a97daef5e3a4dde071cce0b733417bfc18	MIT	declared-license	1	true	not_declarative_pipeline	compiled_waiting_for_agent	true	true	2f82ac15b8025eba00dd77b0c1fb55b54c07571a5977f3e785f25c3fcc08f98b	denied-no-execution-authority	denied-no-execution-authority	unsupported	E_COMPILER_SUBSET_NOT_IMPLEMENTED	false
everflux_angular-jenkinsfile.Jenkinsfile	everflux/angular-jenkinsfile	c403101edc7a0ae8666dbff05f49a8feb47409f950b8f9c492351d91edc456c7	c403101edc7a0ae8666dbff05f49a8feb47409f950b8f9c492351d91edc456c7	c403101edc7a0ae8666dbff05f49a8feb47409f950b8f9c492351d91edc456c7	none	false	1438	17a26957d81a688d98b8d76168d9ccec267c6f1c	NOASSERTION	evidence-only-noassertion	1	true	not_declarative_pipeline	compiled_waiting_for_agent	true	true	71aea620d3cd24a4437ca178dc48ed40f5159282d057aa54ac8653a75a9e13ce	denied-no-execution-authority	denied-no-execution-authority	unsupported	E_COMPILER_SUBSET_NOT_IMPLEMENTED	false
evry-ace_jenkins-ace-library.Jenkinsfile	evry-ace/jenkins-ace-library	5fc3f77c99fe404393360807502a46e0b49136bc8d6a258ca74eb44f2a4b2e34	5fc3f77c99fe404393360807502a46e0b49136bc8d6a258ca74eb44f2a4b2e34	5fc3f77c99fe404393360807502a46e0b49136bc8d6a258ca74eb44f2a4b2e34	none	false	945	7f4318ae1956ea52fbd958704143bfea7bd4477d	MIT	declared-license	1	true	not_declarative_pipeline	compile_or_model_failure	false	false	6e6fd070ff377ff3fd4eb889acae1109b0f66426792c7874dddafa3ff50e7bff	denied-no-execution-authority	denied-no-execution-authority	unsupported	E_COMPILER_SUBSET_NOT_IMPLEMENTED	false
executeautomation_JenkinsPipeline.Jenkinsfile	executeautomation/JenkinsPipeline	60cd06cc720ee780c41deea9e3e67a8d99ed9699fa8f3b69070d00a6529f024c	60cd06cc720ee780c41deea9e3e67a8d99ed9699fa8f3b69070d00a6529f024c	60cd06cc720ee780c41deea9e3e67a8d99ed9699fa8f3b69070d00a6529f024c	none	false	1152	fdafa1bb5ecf8d02c556ddb264ea05369a7151a7	NOASSERTION	evidence-only-noassertion	1	true	declarative_valid	compiled_waiting_for_agent	true	true	97efab7851814d8e9bdc81602fceed967b95d8ea2573624f2d547cb628f43063	denied-no-execution-authority	denied-no-execution-authority	unsupported	E_COMPILER_SUBSET_NOT_IMPLEMENTED	false
fabric8io_fabric8-pipeline-library.Jenkinsfile	fabric8io/fabric8-pipeline-library	5bbebbc67332644e33394b15b4641d6f27d31e0103970e1aa2b0110b93513b46	5bbebbc67332644e33394b15b4641d6f27d31e0103970e1aa2b0110b93513b46	5bbebbc67332644e33394b15b4641d6f27d31e0103970e1aa2b0110b93513b46	none	false	348	6c374db821997615921a71dca4a4ae4acd1c2876	Apache-2.0	declared-license	1	true	not_declarative_pipeline	compile_or_model_failure	false	false	c55b5612d95280ef66ef1a542d41bdf400c798e29b432292f2472a18445f9ff0	denied-no-execution-authority	denied-no-execution-authority	unsupported	E_COMPILER_SUBSET_NOT_IMPLEMENTED	false
fabric8io_fabric8-platform.Jenkinsfile	fabric8io/fabric8-platform	852457ab7957b38a63fb9cd96422af2fd3646a56d93ea371fc44ed1c4e5a105b	852457ab7957b38a63fb9cd96422af2fd3646a56d93ea371fc44ed1c4e5a105b	852457ab7957b38a63fb9cd96422af2fd3646a56d93ea371fc44ed1c4e5a105b	none	false	801	57d6c9c6a6bad0583e5f5de756553f18437c180d	Apache-2.0	declared-license	1	true	not_declarative_pipeline	compile_or_model_failure	false	false	c55b5612d95280ef66ef1a542d41bdf400c798e29b432292f2472a18445f9ff0	denied-no-execution-authority	denied-no-execution-authority	unsupported	E_COMPILER_SUBSET_NOT_IMPLEMENTED	false
fatimajamali81_jenkins-iis-cicd-pipeline.Jenkinsfile	fatimajamali81/jenkins-iis-cicd-pipeline	931c3a702933a1ce2155e45c7ea6b1773d428d65a45da10c7b4063d1e57e625c	931c3a702933a1ce2155e45c7ea6b1773d428d65a45da10c7b4063d1e57e625c	931c3a702933a1ce2155e45c7ea6b1773d428d65a45da10c7b4063d1e57e625c	none	false	3576	d934fd067c35c8f439ec5f6f7c0704e385fd169a	NOASSERTION	evidence-only-noassertion	1	true	declarative_valid	compiled_waiting_for_agent	true	true	be642b0bb4b382a0a62ea5e60069eb10161bca1096ce573e6052c352c1fdb943	denied-no-execution-authority	denied-no-execution-authority	unsupported	E_COMPILER_SUBSET_NOT_IMPLEMENTED	false
gdemengin_pipeline-logparser.Jenkinsfile	gdemengin/pipeline-logparser	b9426d412aea538ed9578e3a212fc1a3d6001af7cb5a4238cb625396f796bcb1	b9426d412aea538ed9578e3a212fc1a3d6001af7cb5a4238cb625396f796bcb1	b9426d412aea538ed9578e3a212fc1a3d6001af7cb5a4238cb625396f796bcb1	none	false	52658	b71448e6382142f0057b63a87fc4be79ec3bb1c0	MIT	declared-license	1	true	not_declarative_pipeline	compiled_waiting_for_agent	true	true	8784a7cc204734f57856dee02633d76c1afb73ff88ed213054b1fcced574e72b	denied-no-execution-authority	denied-no-execution-authority	unsupported	E_COMPILER_SUBSET_NOT_IMPLEMENTED	false
gfkse_jenkins-shared-library.Jenkinsfile	gfkse/jenkins-shared-library	4f71168e15e063578d8af5c9a1aa44bad2353755be90ca1796b1262edb7b5cb8	4f71168e15e063578d8af5c9a1aa44bad2353755be90ca1796b1262edb7b5cb8	4f71168e15e063578d8af5c9a1aa44bad2353755be90ca1796b1262edb7b5cb8	none	false	70	d0cd7f342ab96bf47ef2fd46a86e77f03d3a661b	GPL-3.0	declared-license	1	true	not_declarative_pipeline	compile_or_model_failure	false	false	63e4607221ca52edc0c0d43a4b926cfd0884c7c3154610446121c3d52098e339	denied-no-execution-authority	denied-no-execution-authority	unsupported	E_COMPILER_SUBSET_NOT_IMPLEMENTED	false
griddynamics-archive_mpl.Jenkinsfile	griddynamics-archive/mpl	6e3e96d496d55ad80f7c21445a7da03a166ed6b173af7ee89287936a9e2d2c12	6e3e96d496d55ad80f7c21445a7da03a166ed6b173af7ee89287936a9e2d2c12	6e3e96d496d55ad80f7c21445a7da03a166ed6b173af7ee89287936a9e2d2c12	none	false	34	d1b3e657cc58b2fa4dc510058fafa43035ffeefd	Apache-2.0	declared-license	1	true	not_declarative_pipeline	compile_or_model_failure	false	false	61fe3a8376b117b949500323d5958204901e866d2b8a9fe1af908db9be00b31b	denied-no-execution-authority	denied-no-execution-authority	unsupported	E_COMPILER_SUBSET_NOT_IMPLEMENTED	false
hakdogan_jenkins-pipeline.Jenkinsfile	hakdogan/jenkins-pipeline	d52e6ce8f3b183c791b7adf764bfedc3a83c4229c11a3b8a78c82972d162a20b	d52e6ce8f3b183c791b7adf764bfedc3a83c4229c11a3b8a78c82972d162a20b	d52e6ce8f3b183c791b7adf764bfedc3a83c4229c11a3b8a78c82972d162a20b	none	false	1971	f568eb2201d03956887275da7ef3479612516854	NOASSERTION	evidence-only-noassertion	1	true	not_declarative_pipeline	compiled_waiting_for_agent	true	true	b57553226d3efa648e7f601181e733a5d6fc05774211479280dc50bc5ba68aef	denied-no-execution-authority	denied-no-execution-authority	unsupported	E_COMPILER_SUBSET_NOT_IMPLEMENTED	false
hamitmizrak_Devops_Jenkinsfile.Jenkinsfile	hamitmizrak/Devops_Jenkinsfile	19358b0c5e5866970a2d9b0826ffc01ec7e0ddb56ffe341d4146eeb6851ba625	19358b0c5e5866970a2d9b0826ffc01ec7e0ddb56ffe341d4146eeb6851ba625	19358b0c5e5866970a2d9b0826ffc01ec7e0ddb56ffe341d4146eeb6851ba625	none	false	382	275f5fd65dad7ef550ea2eb4efed8c21f4dfadf9	NOASSERTION	evidence-only-noassertion	1	true	declarative_valid	compiled_waiting_for_agent	true	true	a4ba4706d94ff9018233b7fac316050670af08d2b2d3d84afdc65390a5407c8e	denied-no-execution-authority	denied-no-execution-authority	unsupported	E_COMPILER_SUBSET_NOT_IMPLEMENTED	false
holdennguyen_cicd-pipeline-java-webapp.Jenkinsfile	holdennguyen/cicd-pipeline-java-webapp	6d00a3f333de0481f0b8b7dd6072eb9f5eeb8b3af624f41af02f3c1325ca1d8f	6d00a3f333de0481f0b8b7dd6072eb9f5eeb8b3af624f41af02f3c1325ca1d8f	6d00a3f333de0481f0b8b7dd6072eb9f5eeb8b3af624f41af02f3c1325ca1d8f	none	false	2587	6b61d23f3a2a8a661b4b89d895e949f887f220eb	MIT	declared-license	1	true	declarative_invalid	compile_or_model_failure	false	false	bb6e1eef7214e0afef37ac12c1953583ca16c113b166a0facd55aacfeac02708	denied-no-execution-authority	denied-no-execution-authority	unsupported	E_COMPILER_SUBSET_NOT_IMPLEMENTED	false
hungbang_spring-boot-aws-docdb-example.Jenkinsfile	hungbang/spring-boot-aws-docdb-example	7b7cb412f7a1a989b0dc552f9a74f9c01db2d680dbfac8bf183c75a14f12572d	7b7cb412f7a1a989b0dc552f9a74f9c01db2d680dbfac8bf183c75a14f12572d	7b7cb412f7a1a989b0dc552f9a74f9c01db2d680dbfac8bf183c75a14f12572d	none	false	2753	d155aa31382d129710e8c3436d6dc240acd9a8f1	NOASSERTION	evidence-only-noassertion	1	true	declarative_invalid	compile_or_model_failure	false	false	c25400754c5c621d46af44d19fdd799b72c41d5b4ba7076db6d48013711e7de7	denied-no-execution-authority	denied-no-execution-authority	unsupported	E_COMPILER_SUBSET_NOT_IMPLEMENTED	false
ishrivatsa_terraform-vault-jenkins.Jenkinsfile	ishrivatsa/terraform-vault-jenkins	abb65459d7933600fc5a87754adc73487186c6613b9652dd6f0bd8e40451a0c1	abb65459d7933600fc5a87754adc73487186c6613b9652dd6f0bd8e40451a0c1	abb65459d7933600fc5a87754adc73487186c6613b9652dd6f0bd8e40451a0c1	none	false	1290	f2c6440389cacdc3b8503556c6f4bb628f7c6d41	MIT	declared-license	1	true	declarative_valid	compiled_waiting_for_agent	true	true	76abeaf92d108beea0aa8de07ab0f24ef4438cdebcb0520b66d59791fe7e049e	denied-no-execution-authority	denied-no-execution-authority	unsupported	E_COMPILER_SUBSET_NOT_IMPLEMENTED	false
j8kin_habr-jenkinsfile.Jenkinsfile	j8kin/habr-jenkinsfile	564602f61ff3332cd47f0aedb8c2ecdadc48f3f93a94b02145db5f897f445263	564602f61ff3332cd47f0aedb8c2ecdadc48f3f93a94b02145db5f897f445263	670ee9054f043a91ffceba10dbd0f676373142441bc090a1fe2897cc38d929ab	xml-1.0-crlf-to-lf	false	4404	9c27ebc66a6c852653473d19fb864feb36fec1a9	NOASSERTION	evidence-only-noassertion	1	true	not_declarative_pipeline	missing_step_or_plugin	true	false	476d155ba3fcde84342228147484825cfedaa17e33ed059e5fa55472f5c38d46	denied-no-execution-authority	denied-no-execution-authority	unsupported	E_COMPILER_SUBSET_NOT_IMPLEMENTED	false
jalogut_jenkinsfile-basic-sample.Jenkinsfile	jalogut/jenkinsfile-basic-sample	5532d468c83ddeb935662dabc65b6a33e447d0c65655121ad01aa1054bd6feca	5532d468c83ddeb935662dabc65b6a33e447d0c65655121ad01aa1054bd6feca	5532d468c83ddeb935662dabc65b6a33e447d0c65655121ad01aa1054bd6feca	none	false	746	80070e467e3db65663ee5d861646c82a1b3d5288	NOASSERTION	evidence-only-noassertion	1	true	not_declarative_pipeline	compiled_waiting_for_agent	true	true	cecd4f32dcef0d48d7911849faf75f2173c7a3661b916151fd039fb4099a71e2	denied-no-execution-authority	denied-no-execution-authority	unsupported	E_COMPILER_SUBSET_NOT_IMPLEMENTED	false
jalogut_jenkinsfile-shared-library-sample.Jenkinsfile	jalogut/jenkinsfile-shared-library-sample	18ac32bcfffa69f9bb8a49d1d8bd58bc54a972293448cd2bf0f8f32f5ec33b5b	18ac32bcfffa69f9bb8a49d1d8bd58bc54a972293448cd2bf0f8f32f5ec33b5b	18ac32bcfffa69f9bb8a49d1d8bd58bc54a972293448cd2bf0f8f32f5ec33b5b	none	false	151	23b629ccf4fef2b8657e8236361497de3f279223	NOASSERTION	evidence-only-noassertion	1	true	not_declarative_pipeline	compile_or_model_failure	false	false	ce74812885872278a035f87db309f522bc17e0d514bca63de63fa4a0ff54ed59	denied-no-execution-authority	denied-no-execution-authority	unsupported	E_COMPILER_SUBSET_NOT_IMPLEMENTED	false
jenkins-infra_jenkins.io.Jenkinsfile	jenkins-infra/jenkins.io	699c4aac6affe1de0287cb9df6276ba93638fdc84cc2f30d22b97f105d4c9108	699c4aac6affe1de0287cb9df6276ba93638fdc84cc2f30d22b97f105d4c9108	699c4aac6affe1de0287cb9df6276ba93638fdc84cc2f30d22b97f105d4c9108	none	false	3884	4ee2fb8bba0c7f1ef863612bb79acd0d65e064b8	NOASSERTION	evidence-only-noassertion	1	true	not_declarative_pipeline	compiled_waiting_for_agent	true	true	be6695d73f3413091527d19fe141f4a2c73e200abb42725d96aaf6f5075e4ff2	denied-no-execution-authority	denied-no-execution-authority	unsupported	E_COMPILER_SUBSET_NOT_IMPLEMENTED	false
jenkins-infra_pipeline-library.Jenkinsfile	jenkins-infra/pipeline-library	58f5907f727081938d5d116288087a6129cf6e3b0f85ec94308374ffbf377b59	58f5907f727081938d5d116288087a6129cf6e3b0f85ec94308374ffbf377b59	58f5907f727081938d5d116288087a6129cf6e3b0f85ec94308374ffbf377b59	none	false	407	240e47d3a91453ded2f187a02921be33e9f5f72d	NOASSERTION	evidence-only-noassertion	1	true	declarative_valid	compiled_waiting_for_agent	true	true	b7594acc4a983eaad4068456f17f548bbcc4e125eed92eec50cb1dc5bc1cb65e	denied-no-execution-authority	denied-no-execution-authority	unsupported	E_COMPILER_SUBSET_NOT_IMPLEMENTED	false
jenkins-infra_update-center2.Jenkinsfile	jenkins-infra/update-center2	4acb93ca16c23401d58d666c79b386d8fac10dab7e278e8894625b8ff275f3a7	4acb93ca16c23401d58d666c79b386d8fac10dab7e278e8894625b8ff275f3a7	4acb93ca16c23401d58d666c79b386d8fac10dab7e278e8894625b8ff275f3a7	none	false	397	bb269cd98a1829764b200d56f46f6f63416ba37c	NOASSERTION	evidence-only-noassertion	1	true	not_declarative_pipeline	compiled_waiting_for_agent	true	true	3d8ffed77396c32db4fa5d423aabd93c4f62001979e1e2922172f98803dc882b	denied-no-execution-authority	denied-no-execution-authority	unsupported	E_COMPILER_SUBSET_NOT_IMPLEMENTED	false
jenkins-zh_jenkins-cli.Jenkinsfile	jenkins-zh/jenkins-cli	e8f9ccd76aff24c7ef2371265fef02dd2a3b5859aaa428cc9b2b6fda2b6e7544	e8f9ccd76aff24c7ef2371265fef02dd2a3b5859aaa428cc9b2b6fda2b6e7544	e8f9ccd76aff24c7ef2371265fef02dd2a3b5859aaa428cc9b2b6fda2b6e7544	none	false	2032	8c3052f2ae68d992dd2812ecb2eaa7199f3f8d98	MIT	declared-license	1	true	declarative_valid	offline_scm_dependency	true	false	ff7964cc77580040a84fbe73c9f7660a8139a224919d438977ccf40c4a3b9b8b	denied-no-execution-authority	denied-no-execution-authority	unsupported	E_COMPILER_SUBSET_NOT_IMPLEMENTED	false
jenkinsci_JenkinsPipelineUnit.Jenkinsfile	jenkinsci/JenkinsPipelineUnit	13da81a95e8b31e9fd3bd4fc0263b480970a7da9c78cb67ff23f016f21fe111b	13da81a95e8b31e9fd3bd4fc0263b480970a7da9c78cb67ff23f016f21fe111b	13da81a95e8b31e9fd3bd4fc0263b480970a7da9c78cb67ff23f016f21fe111b	none	false	130	35210ab1eccad6936ab74fde300764286eb46887	MIT	declared-license	1	true	not_declarative_pipeline	missing_step_or_plugin	true	false	70022e4273ccda626fb308bd86a4f1c5c2fb58cbdec19110ff90e97d407ea0ad	denied-no-execution-authority	denied-no-execution-authority	unsupported	E_COMPILER_SUBSET_NOT_IMPLEMENTED	false
jenkinsci_amazon-ecs-plugin.Jenkinsfile	jenkinsci/amazon-ecs-plugin	5f73e8a6f186be327095bec7598ce879a8ab2d6502c06a277f24ffcfc4af2ff8	5f73e8a6f186be327095bec7598ce879a8ab2d6502c06a277f24ffcfc4af2ff8	5f73e8a6f186be327095bec7598ce879a8ab2d6502c06a277f24ffcfc4af2ff8	none	false	124	abc34161cf6b8c4a0922f42211d720937ff9ad77	MIT	declared-license	1	true	not_declarative_pipeline	missing_step_or_plugin	true	false	4a8b2ae5396a1741d1b4742f333c5fba3645ce4ddd4e16e86dedb6b217d0662e	denied-no-execution-authority	denied-no-execution-authority	unsupported	E_COMPILER_SUBSET_NOT_IMPLEMENTED	false
jenkinsci_artifact-promotion-plugin.Jenkinsfile	jenkinsci/artifact-promotion-plugin	0f2cfcd81eaefad4ca0eca04614ed7a26ba8afa36b7b72509f75dfe2825046b4	0f2cfcd81eaefad4ca0eca04614ed7a26ba8afa36b7b72509f75dfe2825046b4	0f2cfcd81eaefad4ca0eca04614ed7a26ba8afa36b7b72509f75dfe2825046b4	none	false	365	e52e29070580a92aa52fc2875949cd85022f072d	NOASSERTION	evidence-only-noassertion	1	true	not_declarative_pipeline	missing_step_or_plugin	true	false	ad657cbee0c8d347810a124601ab35e947af1bc16786c85782c487da69e3d5df	denied-no-execution-authority	denied-no-execution-authority	unsupported	E_COMPILER_SUBSET_NOT_IMPLEMENTED	false
jenkinsci_badge-plugin.Jenkinsfile	jenkinsci/badge-plugin	fd4e348eea0344d1201aa233bca0aba02fbc5e0d62cb592d0703134a1e3f5a88	fd4e348eea0344d1201aa233bca0aba02fbc5e0d62cb592d0703134a1e3f5a88	fd4e348eea0344d1201aa233bca0aba02fbc5e0d62cb592d0703134a1e3f5a88	none	false	391	429bb7712add1886a88a53cc5380a22163913704	MIT	declared-license	1	true	not_declarative_pipeline	missing_step_or_plugin	true	false	a6fea19fc759a1011e1a7a8f8259c15df378b251c550cfe8a40b9b610d1f16eb	denied-no-execution-authority	denied-no-execution-authority	unsupported	E_COMPILER_SUBSET_NOT_IMPLEMENTED	false
jenkinsci_bitbucket-push-and-pull-request-plugin.Jenkinsfile	jenkinsci/bitbucket-push-and-pull-request-plugin	c7fc233689035e9d250da826bd98cae3661f8e4e97b911cbcfc1f829f5c6e203	c7fc233689035e9d250da826bd98cae3661f8e4e97b911cbcfc1f829f5c6e203	c7fc233689035e9d250da826bd98cae3661f8e4e97b911cbcfc1f829f5c6e203	none	false	483	45a06d5672a379ddab5ec8c0dff7dd700f671f30	MIT	declared-license	1	true	not_declarative_pipeline	missing_step_or_plugin	true	false	0c2d04fe85b260e0e9b614eb5606050a17d63a86ab40279e0192fd4798c2c585	denied-no-execution-authority	denied-no-execution-authority	unsupported	E_COMPILER_SUBSET_NOT_IMPLEMENTED	false
jenkinsci_ci.jenkins.io-runner.Jenkinsfile	jenkinsci/ci.jenkins.io-runner	120857360934a075388fde42f87db85dbde96f64a3189c7812754489cd24e652	120857360934a075388fde42f87db85dbde96f64a3189c7812754489cd24e652	120857360934a075388fde42f87db85dbde96f64a3189c7812754489cd24e652	none	false	576	1230a7dbde35c52309f06babd2201c4fedb5430b	MIT	declared-license	1	true	not_declarative_pipeline	compiled_waiting_for_agent	true	true	c4ed1ccef23d6471f54d6e8dc8cd240a45376d8897089e6bb3c7ea03c8293e2a	denied-no-execution-authority	denied-no-execution-authority	unsupported	E_COMPILER_SUBSET_NOT_IMPLEMENTED	false
jenkinsci_code-coverage-api-plugin.Jenkinsfile	jenkinsci/code-coverage-api-plugin	0b646463b0811e630e38e2e202d5696bb85ebd07683f757b2fcb2cd6bc130033	0b646463b0811e630e38e2e202d5696bb85ebd07683f757b2fcb2cd6bc130033	0b646463b0811e630e38e2e202d5696bb85ebd07683f757b2fcb2cd6bc130033	none	false	752	70a13460a37f83ad49cc94d608d31b6ee9173957	MIT	declared-license	1	true	not_declarative_pipeline	missing_step_or_plugin	true	false	8bf195282f2b05ab881f1c905d4b8781ad7d533d524f85e08d51162b7b0d61cc	denied-no-execution-authority	denied-no-execution-authority	unsupported	E_COMPILER_SUBSET_NOT_IMPLEMENTED	false
jenkinsci_config-driven-pipeline-plugin.Jenkinsfile	jenkinsci/config-driven-pipeline-plugin	80198b1c4924ac766071f98471f96d52b61065e090c5b3bab3509342d66efe60	80198b1c4924ac766071f98471f96d52b61065e090c5b3bab3509342d66efe60	80198b1c4924ac766071f98471f96d52b61065e090c5b3bab3509342d66efe60	none	false	14	20eac39974d70e9de264c84a655e459c10454301	MIT	declared-license	1	true	not_declarative_pipeline	missing_step_or_plugin	true	false	59c8ace8c6875e699c1e978455694f748b29619e6390f8e05e7af0a1bb7e21ea	denied-no-execution-authority	denied-no-execution-authority	unsupported	E_COMPILER_SUBSET_NOT_IMPLEMENTED	false
jenkinsci_configuration-as-code-plugin.Jenkinsfile	jenkinsci/configuration-as-code-plugin	5bff7652bd85527813093eef4214eb1925233329ed474b6c1a514f25b3410a31	5bff7652bd85527813093eef4214eb1925233329ed474b6c1a514f25b3410a31	5bff7652bd85527813093eef4214eb1925233329ed474b6c1a514f25b3410a31	none	false	218	918aba0771670ac36d4af96715338a1666704d5c	MIT	declared-license	1	true	not_declarative_pipeline	missing_step_or_plugin	true	false	01a92190b975cfc2d83075f55fa0ff743fdccf9a2812fbd7d6a9bf51d7041eab	denied-no-execution-authority	denied-no-execution-authority	unsupported	E_COMPILER_SUBSET_NOT_IMPLEMENTED	false
jenkinsci_credentials-plugin.Jenkinsfile	jenkinsci/credentials-plugin	68c9f56995af2b91bc74f5096504eaaca563bc66e5e6a31c2c53dc6fb35af502	68c9f56995af2b91bc74f5096504eaaca563bc66e5e6a31c2c53dc6fb35af502	68c9f56995af2b91bc74f5096504eaaca563bc66e5e6a31c2c53dc6fb35af502	none	false	156	ab6088f4826376627ab383dd85a7b45089e2ab77	MIT	declared-license	1	true	not_declarative_pipeline	missing_step_or_plugin	true	false	17f05dc64815ecfcd9b6b55e8e9c38b2ba1e66d573e1915a6c6fa8a14fba03f2	denied-no-execution-authority	denied-no-execution-authority	unsupported	E_COMPILER_SUBSET_NOT_IMPLEMENTED	false
jenkinsci_declarative-pipeline-migration-assistant-plugin.Jenkinsfile	jenkinsci/declarative-pipeline-migration-assistant-plugin	e5984b6e327d51e346858b9e3947aedfd899d74abecaf5bc89f8a5ddba73ae1e	e5984b6e327d51e346858b9e3947aedfd899d74abecaf5bc89f8a5ddba73ae1e	e5984b6e327d51e346858b9e3947aedfd899d74abecaf5bc89f8a5ddba73ae1e	none	false	221	b435b18a3381c4c2b04eee0fb8fd1971acf5962f	MIT	declared-license	1	true	not_declarative_pipeline	missing_step_or_plugin	true	false	c7a0062684b32c44c581de8f48f880769b08a40d8952d3d65fb93f5d70d68d81	denied-no-execution-authority	denied-no-execution-authority	unsupported	E_COMPILER_SUBSET_NOT_IMPLEMENTED	false
jenkinsci_dependency-track-plugin.Jenkinsfile	jenkinsci/dependency-track-plugin	84f7354002eadab110093946401b89a7a93dd6253e38261dfb2b3b21c8d65b7b	84f7354002eadab110093946401b89a7a93dd6253e38261dfb2b3b21c8d65b7b	84f7354002eadab110093946401b89a7a93dd6253e38261dfb2b3b21c8d65b7b	none	false	139	5d4b60e3669b0cdee2772ba7ca0b30413da90147	Apache-2.0	declared-license	1	true	not_declarative_pipeline	missing_step_or_plugin	true	false	c99239081d9ce5b8294b275f08f3a62cf09a4b12bd794aa581f3fa350e568116	denied-no-execution-authority	denied-no-execution-authority	unsupported	E_COMPILER_SUBSET_NOT_IMPLEMENTED	false
jenkinsci_dingtalk-plugin.Jenkinsfile	jenkinsci/dingtalk-plugin	2c9c377442fad91a08706070df67c33aac0bcd67d9c77ddf7da17f24b4491495	2c9c377442fad91a08706070df67c33aac0bcd67d9c77ddf7da17f24b4491495	2c9c377442fad91a08706070df67c33aac0bcd67d9c77ddf7da17f24b4491495	none	false	232	7f8fa2f96af929f6602887901a7c159a13155089	MIT	declared-license	1	true	not_declarative_pipeline	missing_step_or_plugin	true	false	abcab0e69eb55ec2b2e4bfd5b756d9ca70eb484d6ce1dcb7ad976e60287fc9c1	denied-no-execution-authority	denied-no-execution-authority	unsupported	E_COMPILER_SUBSET_NOT_IMPLEMENTED	false
jenkinsci_docker-agents.Jenkinsfile	jenkinsci/docker-agents	29f798dcc8fce286da8e029e2d3a14b90354c2873070ba07be8e1c9e54ecc5d1	29f798dcc8fce286da8e029e2d3a14b90354c2873070ba07be8e1c9e54ecc5d1	29f798dcc8fce286da8e029e2d3a14b90354c2873070ba07be8e1c9e54ecc5d1	none	false	7356	4aac37a7a28efd663c9e736c834a648c9dfcc88f	MIT	declared-license	1	true	not_declarative_pipeline	missing_binding_or_library	true	false	b3d27c47dbcdc04751a8a80ae2fd81ee91987b9a8e69c394dfb0694d76c2d40e	denied-no-execution-authority	denied-no-execution-authority	unsupported	E_COMPILER_SUBSET_NOT_IMPLEMENTED	false
jenkinsci_docker-inbound-agent.Jenkinsfile	jenkinsci/docker-inbound-agent	fe92c5c622251d36af3c17e5886e556647f89274eb3dd93ed007ce6271a319ed	fe92c5c622251d36af3c17e5886e556647f89274eb3dd93ed007ce6271a319ed	fe92c5c622251d36af3c17e5886e556647f89274eb3dd93ed007ce6271a319ed	none	false	4705	58673945861ec4b33e6fcfb94feb4278e9aa3d36	MIT	declared-license	1	true	declarative_valid	compiled_waiting_for_agent	true	true	caece065b231f2e00de789f19857e5d4d6b65b6867a9fc4f1d1ec701a8b81553	denied-no-execution-authority	denied-no-execution-authority	unsupported	E_COMPILER_SUBSET_NOT_IMPLEMENTED	false
jenkinsci_docker-plugin.Jenkinsfile	jenkinsci/docker-plugin	e15d4a3ecc7925d970522b346428f1dabcf4ee47a1c03dca648644a56d87a2a7	e15d4a3ecc7925d970522b346428f1dabcf4ee47a1c03dca648644a56d87a2a7	e15d4a3ecc7925d970522b346428f1dabcf4ee47a1c03dca648644a56d87a2a7	none	false	297	a0b972a7c22676619703ba7f912736a88861c8a1	MIT	declared-license	1	true	not_declarative_pipeline	missing_step_or_plugin	true	false	f0265a573b2969fa83bebc5b3491319573fd1bf257d3328fd7ec2a3f4d0add99	denied-no-execution-authority	denied-no-execution-authority	unsupported	E_COMPILER_SUBSET_NOT_IMPLEMENTED	false
jenkinsci_docker-workflow-plugin.Jenkinsfile	jenkinsci/docker-workflow-plugin	ccbb4950c627a19a7abe89aa528df519a23c890bfc2a90c13b8cebea2c47df9d	ccbb4950c627a19a7abe89aa528df519a23c890bfc2a90c13b8cebea2c47df9d	ccbb4950c627a19a7abe89aa528df519a23c890bfc2a90c13b8cebea2c47df9d	none	false	301	98addf9475a4c63ef81d2a5115a307961f1a8ef4	MIT	declared-license	1	true	not_declarative_pipeline	missing_step_or_plugin	true	false	485b98797f8f87786bcb126dca91230d7c3d66a33d5ef2e102ffb8fae2a7fa91	denied-no-execution-authority	denied-no-execution-authority	unsupported	E_COMPILER_SUBSET_NOT_IMPLEMENTED	false
jenkinsci_docker.Jenkinsfile	jenkinsci/docker	ee7b6142f031ab10faddfd706a2ca9083ced99950de40efe08bfbffd83a12bfc	ee7b6142f031ab10faddfd706a2ca9083ced99950de40efe08bfbffd83a12bfc	ee7b6142f031ab10faddfd706a2ca9083ced99950de40efe08bfbffd83a12bfc	none	false	11882	1de91ec004f340b83c5335879f5d7396732dfcf2	MIT	declared-license	1	true	not_declarative_pipeline	other_runtime_failure	true	false	2259dbb9f12b3542a41daa3f90151ca9be11a6e052742e91291a129ec9aad674	denied-no-execution-authority	denied-no-execution-authority	unsupported	E_COMPILER_SUBSET_NOT_IMPLEMENTED	false
jenkinsci_gitea-plugin.Jenkinsfile	jenkinsci/gitea-plugin	2c9c377442fad91a08706070df67c33aac0bcd67d9c77ddf7da17f24b4491495	2c9c377442fad91a08706070df67c33aac0bcd67d9c77ddf7da17f24b4491495	2c9c377442fad91a08706070df67c33aac0bcd67d9c77ddf7da17f24b4491495	none	false	232	480576b9a6a6fa455bf58680e65cdeba88cd2439	MIT	declared-license	1	true	not_declarative_pipeline	missing_step_or_plugin	true	false	363bbc10dd585c360ee79fd41104d93a4971e3955f6de07492468ce4ea3b0c04	denied-no-execution-authority	denied-no-execution-authority	unsupported	E_COMPILER_SUBSET_NOT_IMPLEMENTED	false
jenkinsci_github-branch-source-plugin.Jenkinsfile	jenkinsci/github-branch-source-plugin	1d4949843d59f708ecaa47ca54f15c7147bc90a053a83ba82668430c062998a1	1d4949843d59f708ecaa47ca54f15c7147bc90a053a83ba82668430c062998a1	1d4949843d59f708ecaa47ca54f15c7147bc90a053a83ba82668430c062998a1	none	false	300	5e0079c1acde7bdab7e31185cfe3e32d12852b9f	MIT	declared-license	1	true	not_declarative_pipeline	missing_step_or_plugin	true	false	fb90c64b3c95629fc6cd11efac739d090e030eb30769004b99c4c49fbd9857d3	denied-no-execution-authority	denied-no-execution-authority	unsupported	E_COMPILER_SUBSET_NOT_IMPLEMENTED	false
jenkinsci_github-pr-comment-build-plugin.Jenkinsfile	jenkinsci/github-pr-comment-build-plugin	7633c4b9cc8301b48bf93858cee29aaf9db01611dde9b407023b2dae5cf4b7f1	7633c4b9cc8301b48bf93858cee29aaf9db01611dde9b407023b2dae5cf4b7f1	7633c4b9cc8301b48bf93858cee29aaf9db01611dde9b407023b2dae5cf4b7f1	none	false	398	1b62405363556384f54154c3627f201d70120592	MIT	declared-license	1	true	not_declarative_pipeline	missing_step_or_plugin	true	false	91486520629018d6a39c515b674d3e2f2d83eb09e71478ca6f199cd716ad8f08	denied-no-execution-authority	denied-no-execution-authority	unsupported	E_COMPILER_SUBSET_NOT_IMPLEMENTED	false
jenkinsci_gitlab-branch-source-plugin.Jenkinsfile	jenkinsci/gitlab-branch-source-plugin	9991ad6648d0f75306dc316fb41fddc8975170a2b76c19641038375cff356c76	9991ad6648d0f75306dc316fb41fddc8975170a2b76c19641038375cff356c76	9991ad6648d0f75306dc316fb41fddc8975170a2b76c19641038375cff356c76	none	false	178	9f0a7ec0a92490d33d279af17dc7acfaafe7cbd3	MIT	declared-license	1	true	not_declarative_pipeline	missing_step_or_plugin	true	false	e9a36bfbee07f850093a28c19ea315c33b0f184e4a40985d7c4adac2fc65710c	denied-no-execution-authority	denied-no-execution-authority	unsupported	E_COMPILER_SUBSET_NOT_IMPLEMENTED	false
jenkinsci_groovy-sandbox.Jenkinsfile	jenkinsci/groovy-sandbox	8644ca45226ab32b85a8eb833910235699d5ad7e339e6808064b982c3cf2455b	8644ca45226ab32b85a8eb833910235699d5ad7e339e6808064b982c3cf2455b	8644ca45226ab32b85a8eb833910235699d5ad7e339e6808064b982c3cf2455b	none	false	124	81fd696e43c4a7ae2ecb1c4dbf7c7ef6c8c17593	MIT	declared-license	1	true	not_declarative_pipeline	missing_step_or_plugin	true	false	2e4f222bc289cd5d6647c83d495c1c6c9bc36fe94b67384f518ffe501f7e53d5	denied-no-execution-authority	denied-no-execution-authority	unsupported	E_COMPILER_SUBSET_NOT_IMPLEMENTED	false
jenkinsci_hashicorp-vault-pipeline-plugin.Jenkinsfile	jenkinsci/hashicorp-vault-pipeline-plugin	80198b1c4924ac766071f98471f96d52b61065e090c5b3bab3509342d66efe60	80198b1c4924ac766071f98471f96d52b61065e090c5b3bab3509342d66efe60	80198b1c4924ac766071f98471f96d52b61065e090c5b3bab3509342d66efe60	none	false	14	7cf24de7ca425821425f05f571c31b980d13830e	NOASSERTION	evidence-only-noassertion	1	true	not_declarative_pipeline	missing_step_or_plugin	true	false	175601f877584aa60dc61461c2fa890cd403488938260f0d64d1451075598189	denied-no-execution-authority	denied-no-execution-authority	unsupported	E_COMPILER_SUBSET_NOT_IMPLEMENTED	false
jenkinsci_hashicorp-vault-plugin.Jenkinsfile	jenkinsci/hashicorp-vault-plugin	1e7e1bf18e8687b023e5f9f909c6d85485949a390729d60c0dffaf5d0124d0f6	1e7e1bf18e8687b023e5f9f909c6d85485949a390729d60c0dffaf5d0124d0f6	1e7e1bf18e8687b023e5f9f909c6d85485949a390729d60c0dffaf5d0124d0f6	none	false	99	db887024141faf33a3523d345661d326a4c8f1a6	MIT	declared-license	1	true	not_declarative_pipeline	missing_step_or_plugin	true	false	661f7083928bab436f940a17d18ef153ddd8018dce3e362d8e29d4eabac1d034	denied-no-execution-authority	denied-no-execution-authority	unsupported	E_COMPILER_SUBSET_NOT_IMPLEMENTED	false
jenkinsci_http-request-plugin.Jenkinsfile	jenkinsci/http-request-plugin	fd4e348eea0344d1201aa233bca0aba02fbc5e0d62cb592d0703134a1e3f5a88	fd4e348eea0344d1201aa233bca0aba02fbc5e0d62cb592d0703134a1e3f5a88	fd4e348eea0344d1201aa233bca0aba02fbc5e0d62cb592d0703134a1e3f5a88	none	false	391	889e2bfdd881995f4ec93f097ade598ebe5640c3	MIT	declared-license	1	true	not_declarative_pipeline	missing_step_or_plugin	true	false	fd196f6bf072f2346fbb7b2f3d2dab20a1d09c5a450c6b297e0dec7b29c855e7	denied-no-execution-authority	denied-no-execution-authority	unsupported	E_COMPILER_SUBSET_NOT_IMPLEMENTED	false
jenkinsci_hubot-steps-plugin.Jenkinsfile	jenkinsci/hubot-steps-plugin	0e19f52a07de1e261d871fe26db05ebe13d18c1419de79be7e586bc0e1dbae46	0e19f52a07de1e261d871fe26db05ebe13d18c1419de79be7e586bc0e1dbae46	0e19f52a07de1e261d871fe26db05ebe13d18c1419de79be7e586bc0e1dbae46	none	false	484	38c2a4d70ada0f3963001ed949a83ba7be588987	Apache-2.0	declared-license	1	true	not_declarative_pipeline	missing_step_or_plugin	true	false	22055dbabab511b45d0184f7b750ab50f99512bddefefa642a31b06fd6afd7c2	denied-no-execution-authority	denied-no-execution-authority	unsupported	E_COMPILER_SUBSET_NOT_IMPLEMENTED	false
jenkinsci_jacoco-plugin.Jenkinsfile	jenkinsci/jacoco-plugin	93d7dd0647b3341229f8e01a6714a66c4a34c3e2231caf9cfc682d727bc80d31	93d7dd0647b3341229f8e01a6714a66c4a34c3e2231caf9cfc682d727bc80d31	93d7dd0647b3341229f8e01a6714a66c4a34c3e2231caf9cfc682d727bc80d31	none	false	351	f5ea36e9aff4db394bb88944139bb7bb8f55187d	MIT	declared-license	1	true	not_declarative_pipeline	missing_step_or_plugin	true	false	583656cabd3192e94b080699e9d0f94a5320a1c8a8e6c520bad8363ed5f9b1b4	denied-no-execution-authority	denied-no-execution-authority	unsupported	E_COMPILER_SUBSET_NOT_IMPLEMENTED	false
jenkinsci_jenkins-test-harness.Jenkinsfile	jenkinsci/jenkins-test-harness	022b3ad781565a65b6392131e03e638f91a031d7f122aeccb83a39e4b9441053	022b3ad781565a65b6392131e03e638f91a031d7f122aeccb83a39e4b9441053	022b3ad781565a65b6392131e03e638f91a031d7f122aeccb83a39e4b9441053	none	false	458	ea90f9edf24f415018930ea07684051e97b67c09	MIT	declared-license	1	true	not_declarative_pipeline	missing_step_or_plugin	true	false	cda3059daba25469d3ee976e4a1601ff7c5a10d405ff6e0d2998e5fc422c5045	denied-no-execution-authority	denied-no-execution-authority	unsupported	E_COMPILER_SUBSET_NOT_IMPLEMENTED	false
jenkinsci_jenkins.Jenkinsfile	jenkinsci/jenkins	4f6561bd2bbbad86a447d9ff0bebb093a93b659a4ebc061765ea3c14a3e8e0a0	4f6561bd2bbbad86a447d9ff0bebb093a93b659a4ebc061765ea3c14a3e8e0a0	4f6561bd2bbbad86a447d9ff0bebb093a93b659a4ebc061765ea3c14a3e8e0a0	none	false	10833	755c80b40c499d06ecdf367d41fc3ff6b056a313	MIT	declared-license	1	true	not_declarative_pipeline	compiled_waiting_for_agent	true	true	e46ab73b9b4c5925147dc65f350b3fa37bf0792c08261790be6557176272784f	denied-no-execution-authority	denied-no-execution-authority	unsupported	E_COMPILER_SUBSET_NOT_IMPLEMENTED	false
jenkinsci_jenkinsfile-runner-test-framework.Jenkinsfile	jenkinsci/jenkinsfile-runner-test-framework	358c6941a591ad6a65b711d073380c3871225ad3024f1bb7828eca752fad48fe	358c6941a591ad6a65b711d073380c3871225ad3024f1bb7828eca752fad48fe	358c6941a591ad6a65b711d073380c3871225ad3024f1bb7828eca752fad48fe	none	false	1535	69d2da7835fa8aa3f1042ba0250ddc84dfeb4dc9	NOASSERTION	evidence-only-noassertion	1	true	not_declarative_pipeline	compiled_waiting_for_agent	true	true	3dde6a2fda53b1cf059461a20730936780f62cb573741dccf19e7480ddd1f1d9	denied-no-execution-authority	denied-no-execution-authority	unsupported	E_COMPILER_SUBSET_NOT_IMPLEMENTED	false
jenkinsci_jenkinsfile-runner.Jenkinsfile	jenkinsci/jenkinsfile-runner	eec536bc5a61ab981e38ad22a9d2b2d8790fa24346ee1570c526f4a7b4cdac1d	eec536bc5a61ab981e38ad22a9d2b2d8790fa24346ee1570c526f4a7b4cdac1d	eec536bc5a61ab981e38ad22a9d2b2d8790fa24346ee1570c526f4a7b4cdac1d	none	false	2524	266627df8e6fffb9b46b81b84f9ceeb8972a1df8	MIT	declared-license	1	true	not_declarative_pipeline	compiled_waiting_for_agent	true	true	c9d64f415743ac15a0ff92f6654047c01f896dfcf2cc299390bf96acad311cd4	denied-no-execution-authority	denied-no-execution-authority	unsupported	E_COMPILER_SUBSET_NOT_IMPLEMENTED	false
jenkinsci_jira-plugin.Jenkinsfile	jenkinsci/jira-plugin	2418db0419db981fff33d651a56dae2e413f1195b8c857434d77201a9b3a6c73	2418db0419db981fff33d651a56dae2e413f1195b8c857434d77201a9b3a6c73	2418db0419db981fff33d651a56dae2e413f1195b8c857434d77201a9b3a6c73	none	false	484	a48c9576916fdb99e842b9f905cce16f94112e0d	MIT	declared-license	1	true	not_declarative_pipeline	missing_step_or_plugin	true	false	6868b8d6663cd9522cafde7ba696e023478353533d5e75f01f5186a435d5df12	denied-no-execution-authority	denied-no-execution-authority	unsupported	E_COMPILER_SUBSET_NOT_IMPLEMENTED	false
jenkinsci_jira-steps-plugin.Jenkinsfile	jenkinsci/jira-steps-plugin	6741dfe98c1f76eb5afce3afba9244aae936d126ceda0501cde1635addd82a34	6741dfe98c1f76eb5afce3afba9244aae936d126ceda0501cde1635addd82a34	6741dfe98c1f76eb5afce3afba9244aae936d126ceda0501cde1635addd82a34	none	false	208	ad8e31df4a9ac036490161f96c0f65b0b67130a1	Apache-2.0	declared-license	1	true	not_declarative_pipeline	missing_step_or_plugin	true	false	eff1b179f86b0a084e95b361a9758570eb388652b3ad26b18040fb97f84ad212	denied-no-execution-authority	denied-no-execution-authority	unsupported	E_COMPILER_SUBSET_NOT_IMPLEMENTED	false
jenkinsci_jira-trigger-plugin.Jenkinsfile	jenkinsci/jira-trigger-plugin	4a350781a740f595c964904209c87c1ebd6edc593a8f000b2c8989e12d257705	4a350781a740f595c964904209c87c1ebd6edc593a8f000b2c8989e12d257705	4a350781a740f595c964904209c87c1ebd6edc593a8f000b2c8989e12d257705	none	false	124	421fb04b48b5596e015bb6f385646a02ab391f58	MIT	declared-license	1	true	not_declarative_pipeline	missing_step_or_plugin	true	false	01cb23de8570f794c30558d0ce9e0ad6784c47ec673d19a9ccc5bb639908fadc	denied-no-execution-authority	denied-no-execution-authority	unsupported	E_COMPILER_SUBSET_NOT_IMPLEMENTED	false
jenkinsci_job-dsl-plugin.Jenkinsfile	jenkinsci/job-dsl-plugin	f196d856a3d76a94dc83baad44026c74aff002f1d6ec3f5770af0eab1ddb128a	f196d856a3d76a94dc83baad44026c74aff002f1d6ec3f5770af0eab1ddb128a	f196d856a3d76a94dc83baad44026c74aff002f1d6ec3f5770af0eab1ddb128a	none	false	128	6467560a2722701c695447d0b185c15290ad29a8	Apache-2.0	declared-license	1	true	not_declarative_pipeline	missing_step_or_plugin	true	false	4e11f21590671f310a7aace8ca77e5912996e6a595cc75090074cc0e5ca5ec3c	denied-no-execution-authority	denied-no-execution-authority	unsupported	E_COMPILER_SUBSET_NOT_IMPLEMENTED	false
jenkinsci_labelled-steps-plugin.Jenkinsfile	jenkinsci/labelled-steps-plugin	80198b1c4924ac766071f98471f96d52b61065e090c5b3bab3509342d66efe60	80198b1c4924ac766071f98471f96d52b61065e090c5b3bab3509342d66efe60	80198b1c4924ac766071f98471f96d52b61065e090c5b3bab3509342d66efe60	none	false	14	a4e436016044f40202e8cd3b1bd208cb29e552a8	MIT	declared-license	1	true	not_declarative_pipeline	missing_step_or_plugin	true	false	859fde1982be28b473617dfb1b59f01c503b13d2d3120046be08a8db026aea78	denied-no-execution-authority	denied-no-execution-authority	unsupported	E_COMPILER_SUBSET_NOT_IMPLEMENTED	false
jenkinsci_multiple-scms-plugin.Jenkinsfile	jenkinsci/multiple-scms-plugin	720d91feaca7b23741bb4add507acafebfff88c299378ae9c140f981db1a99bc	720d91feaca7b23741bb4add507acafebfff88c299378ae9c140f981db1a99bc	720d91feaca7b23741bb4add507acafebfff88c299378ae9c140f981db1a99bc	none	false	135	725cbffccbc9be9f0db9851f63745926d5604aa2	MIT	declared-license	1	true	not_declarative_pipeline	missing_step_or_plugin	true	false	cc137154472de827df50e68fe46f2eebd2a547fded43d14fb489343de05d97c0	denied-no-execution-authority	denied-no-execution-authority	unsupported	E_COMPILER_SUBSET_NOT_IMPLEMENTED	false
jenkinsci_nested-data-reporting-plugin.Jenkinsfile	jenkinsci/nested-data-reporting-plugin	731e5f2c2734d700515389452d11c8fae0db978736efc6c0d7cb4ae2d003678b	731e5f2c2734d700515389452d11c8fae0db978736efc6c0d7cb4ae2d003678b	731e5f2c2734d700515389452d11c8fae0db978736efc6c0d7cb4ae2d003678b	none	false	363	879751aa4711625312d22ec345d0e4933ac059a4	MIT	declared-license	1	true	not_declarative_pipeline	missing_step_or_plugin	true	false	264f162e58449bd308ae2833b9d4fcc0f3e96777a9d4065bd123cfe44146cf09	denied-no-execution-authority	denied-no-execution-authority	unsupported	E_COMPILER_SUBSET_NOT_IMPLEMENTED	false
jenkinsci_opentelemetry-plugin.Jenkinsfile	jenkinsci/opentelemetry-plugin	cc986eb958d8fd7edf78421dec3fa7a1f00a9a122e53278e5ccb4752fd0898a5	cc986eb958d8fd7edf78421dec3fa7a1f00a9a122e53278e5ccb4752fd0898a5	cc986eb958d8fd7edf78421dec3fa7a1f00a9a122e53278e5ccb4752fd0898a5	none	false	300	7b9c6d635bb8c8ef07833607e4ed15d5b782f931	Apache-2.0	declared-license	1	true	not_declarative_pipeline	missing_step_or_plugin	true	false	c7c66e7886d0a6d330d5eb08ad0ea26b04450467fb92b9f7d7a9496ae25e9646	denied-no-execution-authority	denied-no-execution-authority	unsupported	E_COMPILER_SUBSET_NOT_IMPLEMENTED	false
jenkinsci_performance-plugin.Jenkinsfile	jenkinsci/performance-plugin	b0fc17a836a5be2da7abb228b21dce0eb5e4dd339b979147b583a76c639fa624	b0fc17a836a5be2da7abb228b21dce0eb5e4dd339b979147b583a76c639fa624	b0fc17a836a5be2da7abb228b21dce0eb5e4dd339b979147b583a76c639fa624	none	false	665	8140e669791040212f5fbf8145eddfc21bbe8cea	MIT	declared-license	1	true	not_declarative_pipeline	compiled_waiting_for_agent	true	true	e3d104e21637a5f1ced269fd08b8f8a58d9cf0d233611d9e9f4eba0d102d3f96	denied-no-execution-authority	denied-no-execution-authority	unsupported	E_COMPILER_SUBSET_NOT_IMPLEMENTED	false
jenkinsci_pipeline-as-yaml-plugin.Jenkinsfile	jenkinsci/pipeline-as-yaml-plugin	2418db0419db981fff33d651a56dae2e413f1195b8c857434d77201a9b3a6c73	2418db0419db981fff33d651a56dae2e413f1195b8c857434d77201a9b3a6c73	2418db0419db981fff33d651a56dae2e413f1195b8c857434d77201a9b3a6c73	none	false	484	161c98c890ed1b6d07318e20d756da32a7be7084	MIT	declared-license	1	true	not_declarative_pipeline	missing_step_or_plugin	true	false	1f927ebbe869ba696132063cc034aca452afdfb02cd034a96c3144396ab95306	denied-no-execution-authority	denied-no-execution-authority	unsupported	E_COMPILER_SUBSET_NOT_IMPLEMENTED	false
jenkinsci_pipeline-aws-plugin.Jenkinsfile	jenkinsci/pipeline-aws-plugin	2c9c377442fad91a08706070df67c33aac0bcd67d9c77ddf7da17f24b4491495	2c9c377442fad91a08706070df67c33aac0bcd67d9c77ddf7da17f24b4491495	2c9c377442fad91a08706070df67c33aac0bcd67d9c77ddf7da17f24b4491495	none	false	232	f4979d4718c4265642f4e802ecd095580047326a	Apache-2.0	declared-license	1	true	not_declarative_pipeline	missing_step_or_plugin	true	false	3b8148fd2753aaca8c13fa3ead7154154dad1c3883ed091615a89b1d4a6f4c63	denied-no-execution-authority	denied-no-execution-authority	unsupported	E_COMPILER_SUBSET_NOT_IMPLEMENTED	false
jenkinsci_pipeline-cloudwatch-logs-plugin.Jenkinsfile	jenkinsci/pipeline-cloudwatch-logs-plugin	ee46ae4f5ec16a81250cee4a5dbb8bae48ee4a8905e8d42c1d043d9f6bcdd514	ee46ae4f5ec16a81250cee4a5dbb8bae48ee4a8905e8d42c1d043d9f6bcdd514	ee46ae4f5ec16a81250cee4a5dbb8bae48ee4a8905e8d42c1d043d9f6bcdd514	none	false	448	a9b2d6a17d257628ad2ee1ec0fc33bdadc366c0d	NOASSERTION	evidence-only-noassertion	1	true	not_declarative_pipeline	missing_step_or_plugin	true	false	dde2e80c8f6aab3c086c4f4aea35c4dc759f86d6276c7572ada44e5fbb7f8c93	denied-no-execution-authority	denied-no-execution-authority	unsupported	E_COMPILER_SUBSET_NOT_IMPLEMENTED	false
jenkinsci_pipeline-github-lib-plugin.Jenkinsfile	jenkinsci/pipeline-github-lib-plugin	1d4949843d59f708ecaa47ca54f15c7147bc90a053a83ba82668430c062998a1	1d4949843d59f708ecaa47ca54f15c7147bc90a053a83ba82668430c062998a1	1d4949843d59f708ecaa47ca54f15c7147bc90a053a83ba82668430c062998a1	none	false	300	8dbf30b2c1bdcfbb84940b1c372d0f18d0e269ea	NOASSERTION	evidence-only-noassertion	1	true	not_declarative_pipeline	missing_step_or_plugin	true	false	2844146849d77ef949bc4b1a1f5fdb7d4440eb3c3db585a81c8d25f678589870	denied-no-execution-authority	denied-no-execution-authority	unsupported	E_COMPILER_SUBSET_NOT_IMPLEMENTED	false
jenkinsci_pipeline-githubnotify-step-plugin.Jenkinsfile	jenkinsci/pipeline-githubnotify-step-plugin	80198b1c4924ac766071f98471f96d52b61065e090c5b3bab3509342d66efe60	80198b1c4924ac766071f98471f96d52b61065e090c5b3bab3509342d66efe60	80198b1c4924ac766071f98471f96d52b61065e090c5b3bab3509342d66efe60	none	false	14	7c170521f695b75061f4877b5e5fff1429d0f9e7	MIT	declared-license	1	true	not_declarative_pipeline	missing_step_or_plugin	true	false	2938f05d3e889be18c74b9644795ae7c5b0ac39a28abfd7971dbd945ad301c78	denied-no-execution-authority	denied-no-execution-authority	unsupported	E_COMPILER_SUBSET_NOT_IMPLEMENTED	false
jenkinsci_pipeline-gitstatuswrapper-plugin.Jenkinsfile	jenkinsci/pipeline-gitstatuswrapper-plugin	80198b1c4924ac766071f98471f96d52b61065e090c5b3bab3509342d66efe60	80198b1c4924ac766071f98471f96d52b61065e090c5b3bab3509342d66efe60	80198b1c4924ac766071f98471f96d52b61065e090c5b3bab3509342d66efe60	none	false	14	0a1095163670b65bbca9a0ed767e303bab7af524	MIT	declared-license	1	true	not_declarative_pipeline	missing_step_or_plugin	true	false	4822ebbf5f6ef954674d256298f97c86f0ed78dc4c1e5191479e659d9cb0769e	denied-no-execution-authority	denied-no-execution-authority	unsupported	E_COMPILER_SUBSET_NOT_IMPLEMENTED	false
jenkinsci_pipeline-graph-view-plugin.Jenkinsfile	jenkinsci/pipeline-graph-view-plugin	5280e9c06148f8992902115713b4608619583623e59492ec51f4568b126576b5	5280e9c06148f8992902115713b4608619583623e59492ec51f4568b126576b5	5280e9c06148f8992902115713b4608619583623e59492ec51f4568b126576b5	none	false	317	faa3d86d9c8a9bf1a2431be94e7694318832617c	NOASSERTION	evidence-only-noassertion	1	true	not_declarative_pipeline	missing_step_or_plugin	true	false	58524d7ac9346bb90ce0c71d1f08cdc7eb28dd028ed931a755b89c0c6eedb6d7	denied-no-execution-authority	denied-no-execution-authority	unsupported	E_COMPILER_SUBSET_NOT_IMPLEMENTED	false
jenkinsci_pipeline-maven-plugin.Jenkinsfile	jenkinsci/pipeline-maven-plugin	60fd3138cbd47c3599a1fd75d90a414dcaeb27b8997c951447d1577d046c5b7d	60fd3138cbd47c3599a1fd75d90a414dcaeb27b8997c951447d1577d046c5b7d	60fd3138cbd47c3599a1fd75d90a414dcaeb27b8997c951447d1577d046c5b7d	none	false	291	b2d61a81a97e8bcb6f012794decb4cd61a017e1d	MIT	declared-license	1	true	not_declarative_pipeline	missing_step_or_plugin	true	false	06e15db473c61486672f9830128ad46956074e552599533ca5f51231fdcc0430	denied-no-execution-authority	denied-no-execution-authority	unsupported	E_COMPILER_SUBSET_NOT_IMPLEMENTED	false
jenkinsci_pipeline-model-definition-plugin.Jenkinsfile	jenkinsci/pipeline-model-definition-plugin	5187332d0919ef802ec9c3f956ebe87ecbe33ee86869a6d78c74d5be24071704	5187332d0919ef802ec9c3f956ebe87ecbe33ee86869a6d78c74d5be24071704	5187332d0919ef802ec9c3f956ebe87ecbe33ee86869a6d78c74d5be24071704	none	false	389	960a123b9fc45a077e4f27e160499ee53d0e2e32	NOASSERTION	evidence-only-noassertion	1	true	not_declarative_pipeline	missing_step_or_plugin	true	false	a301b7fab7cf52cd45de9bdf6240517362ea1b66a14d609093253b61d296810a	denied-no-execution-authority	denied-no-execution-authority	unsupported	E_COMPILER_SUBSET_NOT_IMPLEMENTED	false
jenkinsci_pipeline-stage-view-plugin.Jenkinsfile	jenkinsci/pipeline-stage-view-plugin	a19c8600702d7b479e9028d1907b97d7a7db091f671f2d0ab0a4b26e62088fe3	a19c8600702d7b479e9028d1907b97d7a7db091f671f2d0ab0a4b26e62088fe3	a19c8600702d7b479e9028d1907b97d7a7db091f671f2d0ab0a4b26e62088fe3	none	false	165	2e844aa40042b733c243c7f48eeed577842ac0c2	MIT	declared-license	1	true	not_declarative_pipeline	missing_step_or_plugin	true	false	575f807dae605c12ee43a33759b64a51d813dcb36fbec2427d0310d40c00af55	denied-no-execution-authority	denied-no-execution-authority	unsupported	E_COMPILER_SUBSET_NOT_IMPLEMENTED	false
jenkinsci_pipeline-utility-steps-plugin.Jenkinsfile	jenkinsci/pipeline-utility-steps-plugin	f196d856a3d76a94dc83baad44026c74aff002f1d6ec3f5770af0eab1ddb128a	f196d856a3d76a94dc83baad44026c74aff002f1d6ec3f5770af0eab1ddb128a	f196d856a3d76a94dc83baad44026c74aff002f1d6ec3f5770af0eab1ddb128a	none	false	128	2870faf9a9f540661c5f45f68a116d592be907fd	MIT	declared-license	1	true	not_declarative_pipeline	missing_step_or_plugin	true	false	fcdf51399277a7fa03d533a7bc13c8e1a717c69c3de1d2cfd374f7257586cc56	denied-no-execution-authority	denied-no-execution-authority	unsupported	E_COMPILER_SUBSET_NOT_IMPLEMENTED	false
jenkinsci_plot-plugin.Jenkinsfile	jenkinsci/plot-plugin	4d39659fb9074dc182c76cb2899eb3ef54c78b79dd0afd08390a257ba53b2995	4d39659fb9074dc182c76cb2899eb3ef54c78b79dd0afd08390a257ba53b2995	4d39659fb9074dc182c76cb2899eb3ef54c78b79dd0afd08390a257ba53b2995	none	false	391	628bb8ac853319304836342fb73a8a3592386afc	NOASSERTION	evidence-only-noassertion	1	true	not_declarative_pipeline	missing_step_or_plugin	true	false	cb241b113bab6581575bc3dedbd907797d98e5da00b8fa19460dbc35eaec6e90	denied-no-execution-authority	denied-no-execution-authority	unsupported	E_COMPILER_SUBSET_NOT_IMPLEMENTED	false
jenkinsci_plugin-installation-manager-tool.Jenkinsfile	jenkinsci/plugin-installation-manager-tool	0926e30cd2dd73354753881fc1874e124de1f62a6c8ae48a856ac362f8104cd8	0926e30cd2dd73354753881fc1874e124de1f62a6c8ae48a856ac362f8104cd8	0926e30cd2dd73354753881fc1874e124de1f62a6c8ae48a856ac362f8104cd8	none	false	527	f36aacd44012c75dd735930270229ee2fce884da	MIT	declared-license	1	true	not_declarative_pipeline	missing_step_or_plugin	true	false	d7039ab21c4251b05ab333acfe16b109df3517d6cb0c964d2b1aeca08a489a19	denied-no-execution-authority	denied-no-execution-authority	unsupported	E_COMPILER_SUBSET_NOT_IMPLEMENTED	false
jenkinsci_qy-wechat-notification-plugin.Jenkinsfile	jenkinsci/qy-wechat-notification-plugin	80198b1c4924ac766071f98471f96d52b61065e090c5b3bab3509342d66efe60	80198b1c4924ac766071f98471f96d52b61065e090c5b3bab3509342d66efe60	80198b1c4924ac766071f98471f96d52b61065e090c5b3bab3509342d66efe60	none	false	14	f48092b6d7923281fb219b71ed986ff563f9288a	Apache-2.0	declared-license	1	true	not_declarative_pipeline	missing_step_or_plugin	true	false	22d89855fc7ac4c4dc52d9fbfb7ae37abd9db8695745ef39f3fd627db822d6d3	denied-no-execution-authority	denied-no-execution-authority	unsupported	E_COMPILER_SUBSET_NOT_IMPLEMENTED	false
jenkinsci_remote-file-plugin.Jenkinsfile	jenkinsci/remote-file-plugin	5254abfbbfabc4d767294fd8125b2dfcc56e2732b019d6e184c58892f1496ffc	5254abfbbfabc4d767294fd8125b2dfcc56e2732b019d6e184c58892f1496ffc	5254abfbbfabc4d767294fd8125b2dfcc56e2732b019d6e184c58892f1496ffc	none	false	484	f922e59c55a4540e1701c8def0245aa24fe54ffe	MIT	declared-license	1	true	not_declarative_pipeline	missing_step_or_plugin	true	false	efd8df1a7e130466e21bd331e52fffd88a9636eece740c3a708238a1a46ab109	denied-no-execution-authority	denied-no-execution-authority	unsupported	E_COMPILER_SUBSET_NOT_IMPLEMENTED	false
jenkinsci_remoting.Jenkinsfile	jenkinsci/remoting	36877e0e55e64ebc34351313f3d71ee4b28f81e1ea87462b06e47fd2fd60003d	36877e0e55e64ebc34351313f3d71ee4b28f81e1ea87462b06e47fd2fd60003d	36877e0e55e64ebc34351313f3d71ee4b28f81e1ea87462b06e47fd2fd60003d	none	false	405	ee2233fd8df896bc308866d11ebfb997fcabc09f	MIT	declared-license	1	true	not_declarative_pipeline	missing_step_or_plugin	true	false	1b906a96a7e81d94486aa919b2ac781f15630c1765cc6a0601df6d9d785c207c	denied-no-execution-authority	denied-no-execution-authority	unsupported	E_COMPILER_SUBSET_NOT_IMPLEMENTED	false
jenkinsci_role-strategy-plugin.Jenkinsfile	jenkinsci/role-strategy-plugin	7e88e60b7aec9097529af5d7118630cbfcdd9ec7fbf6ed4c9716162e27046ac1	7e88e60b7aec9097529af5d7118630cbfcdd9ec7fbf6ed4c9716162e27046ac1	7e88e60b7aec9097529af5d7118630cbfcdd9ec7fbf6ed4c9716162e27046ac1	none	false	155	87bff2258656cf43892b6a69053792350dc3a57c	MIT	declared-license	1	true	not_declarative_pipeline	missing_step_or_plugin	true	false	97d347569dd7bfa5808b194ac14790a89cbebd56b34ceead129d116df6f36ac6	denied-no-execution-authority	denied-no-execution-authority	unsupported	E_COMPILER_SUBSET_NOT_IMPLEMENTED	false
jenkinsci_simple-build-for-pipeline-plugin.Jenkinsfile	jenkinsci/simple-build-for-pipeline-plugin	2845b2c237d731253c3e47325ba39e11b9b838967e17dac5359c17f9f4e21b11	2845b2c237d731253c3e47325ba39e11b9b838967e17dac5359c17f9f4e21b11	2845b2c237d731253c3e47325ba39e11b9b838967e17dac5359c17f9f4e21b11	none	false	233	0ff6da430605d1b491c7b6003082abc6fcd3643f	MIT	declared-license	1	true	not_declarative_pipeline	missing_step_or_plugin	true	false	7134cae3305ffafa5e88cc0cc4f0f3ee09ea3ba326fa158222c59b8f1ac52e1a	denied-no-execution-authority	denied-no-execution-authority	unsupported	E_COMPILER_SUBSET_NOT_IMPLEMENTED	false
jenkinsci_ssh-steps-plugin.Jenkinsfile	jenkinsci/ssh-steps-plugin	8620258b16c71f5f64c3dcfdd89f3e5cbd5c1cd7e05a10c4bd2abd6d08352dac	8620258b16c71f5f64c3dcfdd89f3e5cbd5c1cd7e05a10c4bd2abd6d08352dac	8620258b16c71f5f64c3dcfdd89f3e5cbd5c1cd7e05a10c4bd2abd6d08352dac	none	false	245	4b2c9d791b2db9fc6304971401d2082f9954deef	Apache-2.0	declared-license	1	true	not_declarative_pipeline	missing_step_or_plugin	true	false	6b7e6c299e0a8b8464969fe314ad0c7a1715dc8cf7f633e11ba22ac04325f914	denied-no-execution-authority	denied-no-execution-authority	unsupported	E_COMPILER_SUBSET_NOT_IMPLEMENTED	false
jenkinsci_stashnotifier-plugin.Jenkinsfile	jenkinsci/stashnotifier-plugin	f9026f285b3abe26184b5979b34e96546cc5bc902f7af36489591338ba78a77f	f9026f285b3abe26184b5979b34e96546cc5bc902f7af36489591338ba78a77f	f9026f285b3abe26184b5979b34e96546cc5bc902f7af36489591338ba78a77f	none	false	168	d15749b5bea51e19458e4443fca0e20b2dbf8830	NOASSERTION	evidence-only-noassertion	1	true	not_declarative_pipeline	missing_step_or_plugin	true	false	fe9b3203fbb701cd7b517eb714eebe63027a1279401ac5358237372c43117d25	denied-no-execution-authority	denied-no-execution-authority	unsupported	E_COMPILER_SUBSET_NOT_IMPLEMENTED	false
jenkinsci_subversion-plugin.Jenkinsfile	jenkinsci/subversion-plugin	2418db0419db981fff33d651a56dae2e413f1195b8c857434d77201a9b3a6c73	2418db0419db981fff33d651a56dae2e413f1195b8c857434d77201a9b3a6c73	2418db0419db981fff33d651a56dae2e413f1195b8c857434d77201a9b3a6c73	none	false	484	fd197dcfc625533e2a72960403805b0e9af259b8	NOASSERTION	evidence-only-noassertion	1	true	not_declarative_pipeline	missing_step_or_plugin	true	false	6280895683a7a4f32e816689027772b8ff9aa8ad462a8cb8d84f3c6b5a01e854	denied-no-execution-authority	denied-no-execution-authority	unsupported	E_COMPILER_SUBSET_NOT_IMPLEMENTED	false
jenkinsci_swarm-plugin.Jenkinsfile	jenkinsci/swarm-plugin	5f73e8a6f186be327095bec7598ce879a8ab2d6502c06a277f24ffcfc4af2ff8	5f73e8a6f186be327095bec7598ce879a8ab2d6502c06a277f24ffcfc4af2ff8	5f73e8a6f186be327095bec7598ce879a8ab2d6502c06a277f24ffcfc4af2ff8	none	false	124	f6012240e2a977d420313916cfb40931c1934814	NOASSERTION	evidence-only-noassertion	1	true	not_declarative_pipeline	missing_step_or_plugin	true	false	e352378e9d3cebfcf4dea441a8afe0ca4310b9a5787016c8c38ebb66960dc250	denied-no-execution-authority	denied-no-execution-authority	unsupported	E_COMPILER_SUBSET_NOT_IMPLEMENTED	false
jenkinsci_tekton-client-plugin.Jenkinsfile	jenkinsci/tekton-client-plugin	d90a082e45945ad3211850751744c1bf9051beebe23f5d2f1b5fe8d47f1e4345	d90a082e45945ad3211850751744c1bf9051beebe23f5d2f1b5fe8d47f1e4345	d90a082e45945ad3211850751744c1bf9051beebe23f5d2f1b5fe8d47f1e4345	none	false	555	0004212135bec6e6ae0b0ea49bf620255dc6eacd	Apache-2.0	declared-license	1	true	not_declarative_pipeline	missing_step_or_plugin	true	false	2c88c7d5a3a08b6f040806586a3a18cf9cc5f55bcd2177de5f0d4342ae2ad047	denied-no-execution-authority	denied-no-execution-authority	unsupported	E_COMPILER_SUBSET_NOT_IMPLEMENTED	false
jenkinsci_warnings-ng-plugin.Jenkinsfile	jenkinsci/warnings-ng-plugin	953278f0d5ace03574bba987688ea3becce8edaeded21c8f5d4981f9024a4050	953278f0d5ace03574bba987688ea3becce8edaeded21c8f5d4981f9024a4050	953278f0d5ace03574bba987688ea3becce8edaeded21c8f5d4981f9024a4050	none	false	412	16c6e58ba822f2d426877ce89511df5cfd76e9e8	MIT	declared-license	1	true	not_declarative_pipeline	missing_step_or_plugin	true	false	50f42f7e880c77aa71146144d52f723552c78993410820fa8759ae1a54da18c4	denied-no-execution-authority	denied-no-execution-authority	unsupported	E_COMPILER_SUBSET_NOT_IMPLEMENTED	false
jenkinsci_webhook-step-plugin.Jenkinsfile	jenkinsci/webhook-step-plugin	12a7b2eafc9735026146fcb7c3f67c05b643762eb2edd4a204543f42a6daf2e9	12a7b2eafc9735026146fcb7c3f67c05b643762eb2edd4a204543f42a6daf2e9	12a7b2eafc9735026146fcb7c3f67c05b643762eb2edd4a204543f42a6daf2e9	none	false	204	c76f659c505683f09296c86971ba4de292a44424	MIT	declared-license	1	true	not_declarative_pipeline	missing_step_or_plugin	true	false	612bd4146c1e70449ebfc6fc98a21a648ee2b45d1447dd0cb864392eee2a97e9	denied-no-execution-authority	denied-no-execution-authority	unsupported	E_COMPILER_SUBSET_NOT_IMPLEMENTED	false
jenkinsci_workflow-basic-steps-plugin.Jenkinsfile	jenkinsci/workflow-basic-steps-plugin	2cd52a37d94f4b50938a3b388631216a2e3c9e213a93c473716cd3bcc3c73ab0	2cd52a37d94f4b50938a3b388631216a2e3c9e213a93c473716cd3bcc3c73ab0	2cd52a37d94f4b50938a3b388631216a2e3c9e213a93c473716cd3bcc3c73ab0	none	false	335	0573509123014a71fbc18f64312df3547ae14f76	NOASSERTION	evidence-only-noassertion	1	true	not_declarative_pipeline	missing_step_or_plugin	true	false	d81e5c5a182c5f3301fb8bd92f78cf7986e9c03196affca08d76c0307c440f9d	denied-no-execution-authority	denied-no-execution-authority	unsupported	E_COMPILER_SUBSET_NOT_IMPLEMENTED	false
jenkinsci_workflow-job-plugin.Jenkinsfile	jenkinsci/workflow-job-plugin	a69552cd59c7aa6adac94efaf56983c0492ad0c8ab3e4a3cca4d2cff22f20f2e	a69552cd59c7aa6adac94efaf56983c0492ad0c8ab3e4a3cca4d2cff22f20f2e	a69552cd59c7aa6adac94efaf56983c0492ad0c8ab3e4a3cca4d2cff22f20f2e	none	false	133	1465f6f788105216160dd445b2e61d78c65599d5	MIT	declared-license	1	true	not_declarative_pipeline	missing_step_or_plugin	true	false	5e814b8c329f005ab8567ad2aa4705a43adf60176ae9da7558782deaaf9bdc09	denied-no-execution-authority	denied-no-execution-authority	unsupported	E_COMPILER_SUBSET_NOT_IMPLEMENTED	false
jenkinsci_workflow-multibranch-plugin.Jenkinsfile	jenkinsci/workflow-multibranch-plugin	1163d057ade445e43318632820ad8a9b3a5b44fef4be02f3cde11ecbda34efd2	1163d057ade445e43318632820ad8a9b3a5b44fef4be02f3cde11ecbda34efd2	1163d057ade445e43318632820ad8a9b3a5b44fef4be02f3cde11ecbda34efd2	none	false	167	4851708b54c6eba8484e5515a056eabbabcf9c93	NOASSERTION	evidence-only-noassertion	1	true	not_declarative_pipeline	missing_step_or_plugin	true	false	3fb72cc9742e957bc24ef4459367f185893d28bf20a438fd6a1ec98f85ab054d	denied-no-execution-authority	denied-no-execution-authority	unsupported	E_COMPILER_SUBSET_NOT_IMPLEMENTED	false
jerearista_python-jenkinsfile-testing.Jenkinsfile	jerearista/python-jenkinsfile-testing	8dfcee91218f30c5efd20602f9cccad9d15556422539a30556dd4c334f91b070	8dfcee91218f30c5efd20602f9cccad9d15556422539a30556dd4c334f91b070	8dfcee91218f30c5efd20602f9cccad9d15556422539a30556dd4c334f91b070	none	false	5252	688a214cee38ce2441cd04f4b07e92d39048eddc	BSD-3-Clause	declared-license	1	true	declarative_valid	compiled_waiting_for_agent	true	true	25e747971e579180a88f036ccc409d015b2e96cb1010a9c58c922bd333f50873	denied-no-execution-authority	denied-no-execution-authority	unsupported	E_COMPILER_SUBSET_NOT_IMPLEMENTED	false
jjasghar_jenkinsfile_cookbook_pipeline.Jenkinsfile	jjasghar/jenkinsfile_cookbook_pipeline	c7105fd8d3a9fa471961ee1470d1e821038895c98b0bdec02d0853e2c2860988	c7105fd8d3a9fa471961ee1470d1e821038895c98b0bdec02d0853e2c2860988	c7105fd8d3a9fa471961ee1470d1e821038895c98b0bdec02d0853e2c2860988	none	false	2916	01b3a8c11bad39918d24afc2333ca280a707d89e	NOASSERTION	evidence-only-noassertion	1	true	declarative_valid	compiled_waiting_for_agent	true	true	1b3c7fc3d439cfa0e3315825304bf1af81194b13ad66902ed5aaaaa24e111cf5	denied-no-execution-authority	denied-no-execution-authority	unsupported	E_COMPILER_SUBSET_NOT_IMPLEMENTED	false
judexzhu_Jenkins-Pipeline-CI-CD-with-Helm-on-Kubernetes.Jenkinsfile	judexzhu/Jenkins-Pipeline-CI-CD-with-Helm-on-Kubernetes	3d3ecf7c4a000040ae6ff032844c77e61ff493f6d7fb3a8ed73c82facc79b0ee	3d3ecf7c4a000040ae6ff032844c77e61ff493f6d7fb3a8ed73c82facc79b0ee	3d3ecf7c4a000040ae6ff032844c77e61ff493f6d7fb3a8ed73c82facc79b0ee	none	false	8578	b7ce91ab0aae9efe0d406c9020faf53bf65f7549	NOASSERTION	evidence-only-noassertion	1	true	not_declarative_pipeline	compiled_waiting_for_agent	true	true	4012c8d4acf267a9261965d5c70219f9349edca79bf985798eec4cd413fbf1d4	denied-no-execution-authority	denied-no-execution-authority	unsupported	E_COMPILER_SUBSET_NOT_IMPLEMENTED	false
jussaragranja_SeleniumEasyTest2.Jenkinsfile	jussaragranja/SeleniumEasyTest2	2d283f063a23c459082a8fe89c787ca93d6d3bb07feea952b16240a179b51201	2d283f063a23c459082a8fe89c787ca93d6d3bb07feea952b16240a179b51201	2d283f063a23c459082a8fe89c787ca93d6d3bb07feea952b16240a179b51201	none	false	692	bf2435a7bbc286e8d3c865a718a60b3363bcc500	NOASSERTION	evidence-only-noassertion	1	true	not_declarative_pipeline	compiled_waiting_for_agent	true	true	cc3e8e59208d7dab0bbdc9224058a9d7041cf94d97fdd39f922bceb072e5fd19	denied-no-execution-authority	denied-no-execution-authority	unsupported	E_COMPILER_SUBSET_NOT_IMPLEMENTED	false
juvalen_mb-checker.Jenkinsfile	juvalen/mb-checker	1fd302fd679e03d180d14832ff6f9896a97cfff9c7082d845b49f01bed34ceba	1fd302fd679e03d180d14832ff6f9896a97cfff9c7082d845b49f01bed34ceba	1fd302fd679e03d180d14832ff6f9896a97cfff9c7082d845b49f01bed34ceba	none	false	1468	7afa9def6bdf0c49145d6ca4c39e03ac9c533512	MIT	declared-license	1	true	declarative_valid	compiled_waiting_for_agent	true	true	5dec0245faa568c2e6deb62f56233a2a360df6476919e54e1bf65677ac41a520	denied-no-execution-authority	denied-no-execution-authority	unsupported	E_COMPILER_SUBSET_NOT_IMPLEMENTED	false
k11h-de_zap-jenkins.Jenkinsfile	k11h-de/zap-jenkins	070e8f0fa0bff62cfddcba840f65af0258a6a87617b58a43715d9a143c53c246	070e8f0fa0bff62cfddcba840f65af0258a6a87617b58a43715d9a143c53c246	070e8f0fa0bff62cfddcba840f65af0258a6a87617b58a43715d9a143c53c246	none	false	8593	709bfdf7c8cd6daf22374a4bcfa2171a2bde595f	GPL-3.0	declared-license	1	true	declarative_invalid	compile_or_model_failure	false	false	d24ed7297af6d2e6f47f97338521a5c70c4158db1a6627086148a8e415b9cb18	denied-no-execution-authority	denied-no-execution-authority	unsupported	E_COMPILER_SUBSET_NOT_IMPLEMENTED	false
kenych_jenkins_config_as_code.Jenkinsfile	kenych/jenkins_config_as_code	a87b6e575f902301b4b0ce96faeef8ce0e787f3b722b65bbcc0c8c704f2126c4	a87b6e575f902301b4b0ce96faeef8ce0e787f3b722b65bbcc0c8c704f2126c4	a87b6e575f902301b4b0ce96faeef8ce0e787f3b722b65bbcc0c8c704f2126c4	none	false	658	e9cb4c1f5014ce668337040f770897d39a255566	NOASSERTION	evidence-only-noassertion	1	true	not_declarative_pipeline	compiled_waiting_for_agent	true	true	23583693b09ee5b9473307f5ad848395620be1c5cda355365428f4a2a1c40622	denied-no-execution-authority	denied-no-execution-authority	unsupported	E_COMPILER_SUBSET_NOT_IMPLEMENTED	false
kesselborn_jenkinsfile.Jenkinsfile	kesselborn/jenkinsfile	3fc7eba8b2dad4b63694ac47a5dc2d5e530a0598da045685e749c7b2154f8784	3fc7eba8b2dad4b63694ac47a5dc2d5e530a0598da045685e749c7b2154f8784	3fc7eba8b2dad4b63694ac47a5dc2d5e530a0598da045685e749c7b2154f8784	none	false	1433	00a983b8122203552faad3c8a8242587b6c9ddd4	NOASSERTION	evidence-only-noassertion	1	true	not_declarative_pipeline	compiled_waiting_for_agent	true	true	1acf70125cd9d6721d6d1f80fff0200dd0dce0282c0542f12bcdb234bcf2263c	denied-no-execution-authority	denied-no-execution-authority	unsupported	E_COMPILER_SUBSET_NOT_IMPLEMENTED	false
kishorebhatia_pipeline-as-code-demo.Jenkinsfile	kishorebhatia/pipeline-as-code-demo	9c9b797a76cb20ac06dde37ea12e0920426dec674911cbb1c6b0ce573b79b83c	9c9b797a76cb20ac06dde37ea12e0920426dec674911cbb1c6b0ce573b79b83c	9c9b797a76cb20ac06dde37ea12e0920426dec674911cbb1c6b0ce573b79b83c	none	false	955	e10f769998637c2ff2a5ec546208cf33873b93f0	NOASSERTION	evidence-only-noassertion	1	true	not_declarative_pipeline	compiled_waiting_for_agent	true	true	8a4d78c217ec6ddd30788927f418f6a59865d65f55cd85127071344c15878408	denied-no-execution-authority	denied-no-execution-authority	unsupported	E_COMPILER_SUBSET_NOT_IMPLEMENTED	false
kitconcept_jenkins-pipeline-examples.Jenkinsfile	kitconcept/jenkins-pipeline-examples	1ab49a7b0677a7d16a74fbe7c16265f723328810dd54a4722c70fff07cc83874	1ab49a7b0677a7d16a74fbe7c16265f723328810dd54a4722c70fff07cc83874	1ab49a7b0677a7d16a74fbe7c16265f723328810dd54a4722c70fff07cc83874	none	false	1343	8ce160563f9e65acd8ac3851f29bfcf4097bdd31	NOASSERTION	evidence-only-noassertion	1	true	declarative_valid	compiled_waiting_for_agent	true	true	8925bd294ce67b05c127e0958b3d28985a4519b99d7a9ae2f54c886446ef3ae0	denied-no-execution-authority	denied-no-execution-authority	unsupported	E_COMPILER_SUBSET_NOT_IMPLEMENTED	false
krasi-georgiev_cd-demo.Jenkinsfile	krasi-georgiev/cd-demo	85fddd023ef652d124cffd68c8f4bf33bae7e132a33404c553b36c9b766a64fd	85fddd023ef652d124cffd68c8f4bf33bae7e132a33404c553b36c9b766a64fd	85fddd023ef652d124cffd68c8f4bf33bae7e132a33404c553b36c9b766a64fd	none	false	3179	8cdfc3446268f57cc95e3d8d081a3af6ef4042cd	NOASSERTION	evidence-only-noassertion	1	true	not_declarative_pipeline	compiled_waiting_for_agent	true	true	9fff3d42e9013009678ebba73bf02503653bdf9b4b79391e419edaa25581460b	denied-no-execution-authority	denied-no-execution-authority	unsupported	E_COMPILER_SUBSET_NOT_IMPLEMENTED	false
ksuther_jenkins-jenkinsfile-include.Jenkinsfile	ksuther/jenkins-jenkinsfile-include	13d95a44d55afe215ee768d8745f9d932f411be94e4ed32a56c67258434c06ef	13d95a44d55afe215ee768d8745f9d932f411be94e4ed32a56c67258434c06ef	13d95a44d55afe215ee768d8745f9d932f411be94e4ed32a56c67258434c06ef	none	false	262	53d2e54d70b2606fa6c3b2b53fa9d52f83380c29	Unlicense	declared-license	1	true	not_declarative_pipeline	compiled_waiting_for_agent	true	true	b5317513fff749b9adb7a4ef997c4f43032cf28ff05cf2753a7f8eccbf0cdbd4	denied-no-execution-authority	denied-no-execution-authority	unsupported	E_COMPILER_SUBSET_NOT_IMPLEMENTED	false
liatrio_pipeline-library.Jenkinsfile	liatrio/pipeline-library	181e4e9e32eb0d342b9c2093f504015cfe731ca999448fdccdf62644771fb1b8	181e4e9e32eb0d342b9c2093f504015cfe731ca999448fdccdf62644771fb1b8	181e4e9e32eb0d342b9c2093f504015cfe731ca999448fdccdf62644771fb1b8	none	false	543	64db4965cf33ab5a3b9d39f8a5d9636e2a453932	NOASSERTION	evidence-only-noassertion	1	true	declarative_valid	compiled_waiting_for_agent	true	true	45ffbd66a1eb46c526a274210a735ba67829ae6ee760d1f8f232091e184183cb	denied-no-execution-authority	denied-no-execution-authority	unsupported	E_COMPILER_SUBSET_NOT_IMPLEMENTED	false
linuxacademy_cicd-pipeline-train-schedule-autodeploy.Jenkinsfile	linuxacademy/cicd-pipeline-train-schedule-autodeploy	45b14837a72851f233a68b9f7c7bf3ae387eda71f9758ae51120c6b430d4e3ed	45b14837a72851f233a68b9f7c7bf3ae387eda71f9758ae51120c6b430d4e3ed	45b14837a72851f233a68b9f7c7bf3ae387eda71f9758ae51120c6b430d4e3ed	none	false	2340	560e0314d6ce6d7792817d5b4523e8ad21b64b2e	NOASSERTION	evidence-only-noassertion	1	true	declarative_valid	compiled_waiting_for_agent	true	true	995fe05eaa5c3ad9f66a0c8d8e9a79508bf65ca071b0272c3a10180c6e926067	denied-no-execution-authority	denied-no-execution-authority	unsupported	E_COMPILER_SUBSET_NOT_IMPLEMENTED	false
linuxacademy_cicd-pipeline-train-schedule-canary.Jenkinsfile	linuxacademy/cicd-pipeline-train-schedule-canary	da66b15fbec2d53be16fa027e28c95086989c4f1a4a2471d671cff848ca54f90	da66b15fbec2d53be16fa027e28c95086989c4f1a4a2471d671cff848ca54f90	da66b15fbec2d53be16fa027e28c95086989c4f1a4a2471d671cff848ca54f90	none	false	1617	e982ea767372e30eeb3a1ef2969fdf755a90c0d7	NOASSERTION	evidence-only-noassertion	1	true	declarative_valid	compiled_waiting_for_agent	true	true	df3aaf6140ee440c5bebee9b3d4a44529072ab14f10e4796be3dec1f62517a4a	denied-no-execution-authority	denied-no-execution-authority	unsupported	E_COMPILER_SUBSET_NOT_IMPLEMENTED	false
linuxacademy_cicd-pipeline-train-schedule-cd.Jenkinsfile	linuxacademy/cicd-pipeline-train-schedule-cd	e2360a17520f120d7977b6316c9a31af8659a60999051ddaf0c2a22f077d0fff	e2360a17520f120d7977b6316c9a31af8659a60999051ddaf0c2a22f077d0fff	e2360a17520f120d7977b6316c9a31af8659a60999051ddaf0c2a22f077d0fff	none	false	280	ed7be05434023c83b269a672b70b5526a7f6ffe8	NOASSERTION	evidence-only-noassertion	1	true	declarative_valid	compiled_waiting_for_agent	true	true	37a8c443ff2f1a766f27d3c8d9b7659c66ef74b0de17e9416e0bc897fc9e2094	denied-no-execution-authority	denied-no-execution-authority	unsupported	E_COMPILER_SUBSET_NOT_IMPLEMENTED	false
linuxacademy_cicd-pipeline-train-schedule-dockerdeploy.Jenkinsfile	linuxacademy/cicd-pipeline-train-schedule-dockerdeploy	e2360a17520f120d7977b6316c9a31af8659a60999051ddaf0c2a22f077d0fff	e2360a17520f120d7977b6316c9a31af8659a60999051ddaf0c2a22f077d0fff	e2360a17520f120d7977b6316c9a31af8659a60999051ddaf0c2a22f077d0fff	none	false	280	88a4716aeb05b5d73acea7e8eb4d0d24674194f2	NOASSERTION	evidence-only-noassertion	1	true	declarative_valid	compiled_waiting_for_agent	true	true	930ab8e93c6635561aa2020ecdf75982a36583077dc1849a4c8033f41fabada5	denied-no-execution-authority	denied-no-execution-authority	unsupported	E_COMPILER_SUBSET_NOT_IMPLEMENTED	false
linuxacademy_cicd-pipeline-train-schedule-kubernetes.Jenkinsfile	linuxacademy/cicd-pipeline-train-schedule-kubernetes	ae01f5db00cd6a42e3eae31b8181420379c931ad6657582b76ea02c9c1599417	ae01f5db00cd6a42e3eae31b8181420379c931ad6657582b76ea02c9c1599417	ae01f5db00cd6a42e3eae31b8181420379c931ad6657582b76ea02c9c1599417	none	false	1465	0b48d00bc35c770794d33e21228837896eab0de5	NOASSERTION	evidence-only-noassertion	1	true	declarative_valid	compiled_waiting_for_agent	true	true	458fe50ce13a6e7f85736680c74353b4781ce8acf0e3e3aaf4326b2256d95a4b	denied-no-execution-authority	denied-no-execution-authority	unsupported	E_COMPILER_SUBSET_NOT_IMPLEMENTED	false
ljpengelen_jenkinsfile.Jenkinsfile	ljpengelen/jenkinsfile	8adbbd3e12ad16b959035eda86f56dd745fa941a850a1a0c530afd23d999ffc4	8adbbd3e12ad16b959035eda86f56dd745fa941a850a1a0c530afd23d999ffc4	8adbbd3e12ad16b959035eda86f56dd745fa941a850a1a0c530afd23d999ffc4	none	false	2716	2b103e8a90c6b45a1a9a4e30564553017e79952a	MIT	declared-license	1	true	declarative_valid	compiled_waiting_for_agent	true	true	e9587d550e04746b732b1709cfaf6c73972a9b047a6dab2f409891207e76e80d	denied-no-execution-authority	denied-no-execution-authority	unsupported	E_COMPILER_SUBSET_NOT_IMPLEMENTED	false
llknur_jenkinsfile-pipeline-project.Jenkinsfile	llknur/jenkinsfile-pipeline-project	755a76248f151de936a449f8e3421a0bcf3aae9ab9655568a464f9dca6c040cc	755a76248f151de936a449f8e3421a0bcf3aae9ab9655568a464f9dca6c040cc	755a76248f151de936a449f8e3421a0bcf3aae9ab9655568a464f9dca6c040cc	none	false	360	6a425523edb67d0a982d4c22cd33257e7167e8c3	NOASSERTION	evidence-only-noassertion	1	true	declarative_valid	compiled_waiting_for_agent	true	true	edcc200fb545e57797b17221938aede8b1b4fc93b7be816665454dbc6e924d70	denied-no-execution-authority	denied-no-execution-authority	unsupported	E_COMPILER_SUBSET_NOT_IMPLEMENTED	false
maajor_Blender-Geometry-CI.Jenkinsfile	maajor/Blender-Geometry-CI	15bac5eeab02e823e04c951a8f59bea69eb68c9561210ce707db7f45783b408d	15bac5eeab02e823e04c951a8f59bea69eb68c9561210ce707db7f45783b408d	15bac5eeab02e823e04c951a8f59bea69eb68c9561210ce707db7f45783b408d	none	false	1199	9be4ba89c5621ad971b88c527d39a8d75b93090d	MIT	declared-license	1	true	declarative_valid	compiled_waiting_for_agent	true	true	c4756c5aed89277e5b445d445c9921437b8359f8894e651b711ead3dabdf8d1c	denied-no-execution-authority	denied-no-execution-authority	unsupported	E_COMPILER_SUBSET_NOT_IMPLEMENTED	false
macg33zr_pipelineUnit.Jenkinsfile	macg33zr/pipelineUnit	49cfe1433eaccd26eecdaa02529530f6e7e5db14747b4249fae24686c400cae3	49cfe1433eaccd26eecdaa02529530f6e7e5db14747b4249fae24686c400cae3	49cfe1433eaccd26eecdaa02529530f6e7e5db14747b4249fae24686c400cae3	none	false	2976	2de86e446eb8d9c4c69ca3c31c4a4727127769bb	Apache-2.0	declared-license	1	true	declarative_valid	compiled_waiting_for_agent	true	true	430f8acfd89f4503d8bb11767ca1be05a14baa1a06fdd2a4a0fc26ba54f1efc9	denied-no-execution-authority	denied-no-execution-authority	unsupported	E_COMPILER_SUBSET_NOT_IMPLEMENTED	false
maxyermayank_jenkins-pipeline-demo-api.Jenkinsfile	maxyermayank/jenkins-pipeline-demo-api	bd93a55337f5bca4c582cac07d4c3edc5b6d4b33e266327401e7eb561c90a255	a9df4734d20fc6e129790e630634977dab1949a87a21c3afeeb1a2307413df8e	bd93a55337f5bca4c582cac07d4c3edc5b6d4b33e266327401e7eb561c90a255	none	true	9954	a6bd00d5b0eecb959bf562751ab686832f825342	NOASSERTION	evidence-only-noassertion	1	true	declarative_valid	compiled_waiting_for_agent	true	true	8917fd04ee946d0eeeb5496827e596046a82d20f5e4588578fa76ee428119ddc	denied-no-execution-authority	denied-no-execution-authority	unsupported	E_COMPILER_SUBSET_NOT_IMPLEMENTED	false
maxyermayank_jenkins-pipeline-demo-pwa.Jenkinsfile	maxyermayank/jenkins-pipeline-demo-pwa	56dd0f75f3f4985fe2a742e7afddce2768b8e0aaff9551b67c2dc65a7f59ab92	d9fd35b067d635bc927e429177b4955ada47e079ed3615dfbbec670868529e66	56dd0f75f3f4985fe2a742e7afddce2768b8e0aaff9551b67c2dc65a7f59ab92	none	true	8622	4b65e424c655203ccf72149fc219259bdd011681	NOASSERTION	evidence-only-noassertion	1	true	declarative_valid	compiled_waiting_for_agent	true	true	c7735a1aedc11557a98c1302be15b60f6ae25aab2ed07ad42e59016eb963dfdf	denied-no-execution-authority	denied-no-execution-authority	unsupported	E_COMPILER_SUBSET_NOT_IMPLEMENTED	false
mercedes-benz_pipeliner.Jenkinsfile	mercedes-benz/pipeliner	3d76a9e602572cf99ac23cf15fb86a7294191ac83e86be6cc5ad14e2baad5133	3d76a9e602572cf99ac23cf15fb86a7294191ac83e86be6cc5ad14e2baad5133	3d76a9e602572cf99ac23cf15fb86a7294191ac83e86be6cc5ad14e2baad5133	none	false	1697	79e7b60b1badb97553635b76bd3c918d5d7f48e4	MIT	declared-license	1	true	not_declarative_pipeline	compiled_waiting_for_agent	true	true	4d9a968f76c422e056fe931f576be5985f77c5f5032c59b98240e2e734582cda	denied-no-execution-authority	denied-no-execution-authority	unsupported	E_COMPILER_SUBSET_NOT_IMPLEMENTED	false
merken_netCoreBuild.Jenkinsfile	merken/netCoreBuild	ccc4b7180a7cca2577525345936cdbacbfaebfc9103f998c084bef3a14abd7cc	ccc4b7180a7cca2577525345936cdbacbfaebfc9103f998c084bef3a14abd7cc	ccc4b7180a7cca2577525345936cdbacbfaebfc9103f998c084bef3a14abd7cc	none	false	4425	8d49202b46c54c93993859118ec4694f2abe03e7	NOASSERTION	evidence-only-noassertion	1	true	not_declarative_pipeline	compiled_waiting_for_agent	true	true	f76d5cc5b1a212126ad53515e884584671c5140133cd81b44a399b087c9d8702	denied-no-execution-authority	denied-no-execution-authority	unsupported	E_COMPILER_SUBSET_NOT_IMPLEMENTED	false
metersphere_jenkins-plugin.Jenkinsfile	metersphere/jenkins-plugin	c0d7701a880914097969ff25376d855e9fb71d04203e02513ce6b0d4b9d5ff17	c0d7701a880914097969ff25376d855e9fb71d04203e02513ce6b0d4b9d5ff17	c0d7701a880914097969ff25376d855e9fb71d04203e02513ce6b0d4b9d5ff17	none	false	2342	92e642c6813542254e32533f645fc21a8a7e04b7	GPL-3.0	declared-license	1	true	declarative_valid	compiled_waiting_for_agent	true	true	981507ecebd278d4695ccf88e731720fc68d7b0dd44b43c907c07f326ca3390a	denied-no-execution-authority	denied-no-execution-authority	unsupported	E_COMPILER_SUBSET_NOT_IMPLEMENTED	false
microsoft_movie-db-java-on-azure.Jenkinsfile	microsoft/movie-db-java-on-azure	1a27abc99573f5af7d8ed2700ee8f38145ce2ac83e9a19eb50e1e6df0cf94561	1a27abc99573f5af7d8ed2700ee8f38145ce2ac83e9a19eb50e1e6df0cf94561	1a27abc99573f5af7d8ed2700ee8f38145ce2ac83e9a19eb50e1e6df0cf94561	none	false	1663	f074255964816173b315f397c882843494487cf8	MIT	declared-license	1	true	not_declarative_pipeline	compiled_waiting_for_agent	true	true	104ab8ccc2f087c1d9961b67a3d02f6794d0f1082216de257bb81b0216b438e2	denied-no-execution-authority	denied-no-execution-authority	unsupported	E_COMPILER_SUBSET_NOT_IMPLEMENTED	false
mindstix-labs_qa-automation-accelerator.Jenkinsfile	mindstix-labs/qa-automation-accelerator	63af8a8233e004b5cd7b329ac45aa78fa168ebd8b575d86a0f8826da65b501a4	63af8a8233e004b5cd7b329ac45aa78fa168ebd8b575d86a0f8826da65b501a4	63af8a8233e004b5cd7b329ac45aa78fa168ebd8b575d86a0f8826da65b501a4	none	false	4085	d3258f98e4048998070e309ff937b2aae97c32bb	MIT	declared-license	1	true	declarative_valid	compiled_waiting_for_agent	true	true	ae7e277c3803917f893231906fee638f054d61b21447380a7349c52f17245af2	denied-no-execution-authority	denied-no-execution-authority	unsupported	E_COMPILER_SUBSET_NOT_IMPLEMENTED	false
mjah_kubernetes-jenkins-cicd-pipeline-example.Jenkinsfile	mjah/kubernetes-jenkins-cicd-pipeline-example	63c1d3f9798b3be83cb079a9e87ecffed444c30cdc9b27c98c7d9b38d8c27b2e	63c1d3f9798b3be83cb079a9e87ecffed444c30cdc9b27c98c7d9b38d8c27b2e	63c1d3f9798b3be83cb079a9e87ecffed444c30cdc9b27c98c7d9b38d8c27b2e	none	false	5037	d530b515a791b50c29ee5ac89e1d170c09462ebb	MIT	declared-license	1	true	declarative_valid	compiled_waiting_for_agent	true	true	71d9b372342cc58f6ebf85ad5d9ddcf2d95bab5f13fbf16462d18b04ea2c300e	denied-no-execution-authority	denied-no-execution-authority	unsupported	E_COMPILER_SUBSET_NOT_IMPLEMENTED	false
mjuuso_provisioning_example.Jenkinsfile	mjuuso/provisioning_example	ab44b497d58fa9c8a95bb5c3d094d3b3ce247cb826ab5d4931b0df1c32f41909	ab44b497d58fa9c8a95bb5c3d094d3b3ce247cb826ab5d4931b0df1c32f41909	ab44b497d58fa9c8a95bb5c3d094d3b3ce247cb826ab5d4931b0df1c32f41909	none	false	636	4351e7d5d38c9161840363d06d3324d4d375aab6	NOASSERTION	evidence-only-noassertion	1	true	declarative_invalid	compile_or_model_failure	false	false	5805dd5a59b59ac960ff6b6e4ac2859c55088fc4e97c191f1ebb5125a29ecea3	denied-no-execution-authority	denied-no-execution-authority	unsupported	E_COMPILER_SUBSET_NOT_IMPLEMENTED	false
mmelmesary_Automated-DevOps-Project.Jenkinsfile	mmelmesary/Automated-DevOps-Project	12e23b496360a267319b3443073e62c2e9a1e8ef0b00b3b7322830b81276086f	12e23b496360a267319b3443073e62c2e9a1e8ef0b00b3b7322830b81276086f	12e23b496360a267319b3443073e62c2e9a1e8ef0b00b3b7322830b81276086f	none	false	2819	b85aabd3cb6099304e11d0d2e84121963db721f3	NOASSERTION	evidence-only-noassertion	1	true	declarative_valid	compiled_waiting_for_agent	true	true	7020b2b0f69a65a55f9f2dea394504aa8000711365909a572cb73ea53d82b03e	denied-no-execution-authority	denied-no-execution-authority	unsupported	E_COMPILER_SUBSET_NOT_IMPLEMENTED	false
mraible_ng-demo.Jenkinsfile	mraible/ng-demo	02aa1ea203dbfd2537a2d2cf42cd77be904305114e3334e63810d004a35b910b	02aa1ea203dbfd2537a2d2cf42cd77be904305114e3334e63810d004a35b910b	02aa1ea203dbfd2537a2d2cf42cd77be904305114e3334e63810d004a35b910b	none	false	503	56eb40d03ab598b94812b10bfcb3dd9f99570256	NOASSERTION	evidence-only-noassertion	1	true	not_declarative_pipeline	compiled_waiting_for_agent	true	true	7031fc758850cb4444d5db8bfdb0eb884364013c664982f3f20530a8a3231d33	denied-no-execution-authority	denied-no-execution-authority	unsupported	E_COMPILER_SUBSET_NOT_IMPLEMENTED	false
msfidelis_jenkins-ecs-slaves.Jenkinsfile	msfidelis/jenkins-ecs-slaves	6e9f822b04115dfaee21baddb9b07083bcee6803a599ba2266696e78ea981a3e	6e9f822b04115dfaee21baddb9b07083bcee6803a599ba2266696e78ea981a3e	6e9f822b04115dfaee21baddb9b07083bcee6803a599ba2266696e78ea981a3e	none	false	1830	ffc6b9599895403b18975021e81deaa2a87d3266	MIT	declared-license	1	true	declarative_valid	compiled_waiting_for_agent	true	true	79cbd12e58098b701960dcf63fa62ac3251683f129aa235a82d4521bdf73b614	denied-no-execution-authority	denied-no-execution-authority	unsupported	E_COMPILER_SUBSET_NOT_IMPLEMENTED	false
murphysecurity_murphysec-jenkins-tools.Jenkinsfile	murphysecurity/murphysec-jenkins-tools	95d2e639ae3d4d44c0e8875dcdc692ef7deb697b06be3d4405c66df005b66f59	95d2e639ae3d4d44c0e8875dcdc692ef7deb697b06be3d4405c66df005b66f59	95d2e639ae3d4d44c0e8875dcdc692ef7deb697b06be3d4405c66df005b66f59	none	false	3030	8f7254a4f0f43cfa08e66d11cede1acdaad7f30d	Apache-2.0	declared-license	1	true	declarative_valid	compiled_waiting_for_agent	true	true	9f7d52fafb0f3c31f36727562eb3ef43757031de5c60b6912ad7790afac88a38	denied-no-execution-authority	denied-no-execution-authority	unsupported	E_COMPILER_SUBSET_NOT_IMPLEMENTED	false
narasimhavuppala_jenkins-calculator.Jenkinsfile	narasimhavuppala/jenkins-calculator	f4708d1b0924918688e65ccb1d92bd6675792d04cc8d1d0d1541bea1b01eb47b	f4708d1b0924918688e65ccb1d92bd6675792d04cc8d1d0d1541bea1b01eb47b	f4708d1b0924918688e65ccb1d92bd6675792d04cc8d1d0d1541bea1b01eb47b	none	false	1709	1fef77b7b2554bb19e436e9a63a115788fd1e57a	NOASSERTION	evidence-only-noassertion	1	true	declarative_invalid	compile_or_model_failure	false	false	2858e2309785fa7402d5f2bec48ed951734f745783e2f3c48fc4dcc6e8083187	denied-no-execution-authority	denied-no-execution-authority	unsupported	E_COMPILER_SUBSET_NOT_IMPLEMENTED	false
narottamgla_selenium-bdd-cucumber.Jenkinsfile	narottamgla/selenium-bdd-cucumber	03fdd3aaba943a8fceff66fac3dffb4c2bfc5b6a18ed13d0c1f9fd5f5bbbd535	03fdd3aaba943a8fceff66fac3dffb4c2bfc5b6a18ed13d0c1f9fd5f5bbbd535	03fdd3aaba943a8fceff66fac3dffb4c2bfc5b6a18ed13d0c1f9fd5f5bbbd535	none	false	1202	77fb7dca5ffc5b76059bee0dd79d30a470db2198	NOASSERTION	evidence-only-noassertion	1	true	declarative_valid	compiled_waiting_for_agent	true	true	4f0daa2df3cdac1e230a4fb3cf9ea725b4f933a8f1e80885c913d2d2fec1ea4c	denied-no-execution-authority	denied-no-execution-authority	unsupported	E_COMPILER_SUBSET_NOT_IMPLEMENTED	false
netcorebcn_quiz.Jenkinsfile	netcorebcn/quiz	269b91998fe8d4225727414822bdebc5497b403dfe5751a3d8dd8f3376ad35f2	269b91998fe8d4225727414822bdebc5497b403dfe5751a3d8dd8f3376ad35f2	269b91998fe8d4225727414822bdebc5497b403dfe5751a3d8dd8f3376ad35f2	none	false	1332	ce3ef2e7520c9a0ccf9aee44441277ee114de1b6	NOASSERTION	evidence-only-noassertion	1	true	declarative_valid	compiled_waiting_for_agent	true	true	3232c574d68b492fc1212f82fdec68576850696e6bb620995cd17e2984b6b9f9	denied-no-execution-authority	denied-no-execution-authority	unsupported	E_COMPILER_SUBSET_NOT_IMPLEMENTED	false
nikoly_selenium-grid-docker.Jenkinsfile	nikoly/selenium-grid-docker	abe030521634575e7d210ccf44f4b0f45b4f540307589df69baa71dfd00bbb19	abe030521634575e7d210ccf44f4b0f45b4f540307589df69baa71dfd00bbb19	abe030521634575e7d210ccf44f4b0f45b4f540307589df69baa71dfd00bbb19	none	false	1381	3431df31ee64602a504732fa6fdc65600ac6a268	NOASSERTION	evidence-only-noassertion	1	true	declarative_invalid	compile_or_model_failure	false	false	b13fa752c8d05931047f603ddd2f1642fc40f2c75bcbe4d00dc43e65fdb1af93	denied-no-execution-authority	denied-no-execution-authority	unsupported	E_COMPILER_SUBSET_NOT_IMPLEMENTED	false
ocf_ircbot.Jenkinsfile	ocf/ircbot	29d0e7baa621e7decbe170dc7da3a977cf7e228c9915eb74c081aaa8ed133e2e	29d0e7baa621e7decbe170dc7da3a977cf7e228c9915eb74c081aaa8ed133e2e	29d0e7baa621e7decbe170dc7da3a977cf7e228c9915eb74c081aaa8ed133e2e	none	false	128	654dd2b683b3193324b340519182b2afd3fc1a7e	NOASSERTION	evidence-only-noassertion	1	true	not_declarative_pipeline	missing_step_or_plugin	true	false	626161f8b3544744369d371dc5768c62e50b4de8aacc707aba45f439599332c0	denied-no-execution-authority	denied-no-execution-authority	unsupported	E_COMPILER_SUBSET_NOT_IMPLEMENTED	false
ocf_ocflib.Jenkinsfile	ocf/ocflib	4c964f50f4b0c7559566e50e9f6fe41080bada05dd94b6af403d05c956931f17	4c964f50f4b0c7559566e50e9f6fe41080bada05dd94b6af403d05c956931f17	4c964f50f4b0c7559566e50e9f6fe41080bada05dd94b6af403d05c956931f17	none	false	145	897482d14cfd3d4974fbd6866d14efc9974ee94f	NOASSERTION	evidence-only-noassertion	1	true	not_declarative_pipeline	missing_step_or_plugin	true	false	f30c631ffac37f416e2f63a887abbf1ec4d9db446c53d412ceb19fc5a626bc50	denied-no-execution-authority	denied-no-execution-authority	unsupported	E_COMPILER_SUBSET_NOT_IMPLEMENTED	false
ocf_ocfweb.Jenkinsfile	ocf/ocfweb	29d0e7baa621e7decbe170dc7da3a977cf7e228c9915eb74c081aaa8ed133e2e	29d0e7baa621e7decbe170dc7da3a977cf7e228c9915eb74c081aaa8ed133e2e	29d0e7baa621e7decbe170dc7da3a977cf7e228c9915eb74c081aaa8ed133e2e	none	false	128	c70a5630b9cc7546207b522a84c8ff3e6b8572a7	NOASSERTION	evidence-only-noassertion	1	true	not_declarative_pipeline	missing_step_or_plugin	true	false	f89bd714cefe20856674c566c3cb202fb6fd0419cb2ce50608cece348e9b9c4f	denied-no-execution-authority	denied-no-execution-authority	unsupported	E_COMPILER_SUBSET_NOT_IMPLEMENTED	false
ocf_slackbridge.Jenkinsfile	ocf/slackbridge	0aa9911eacc2035453680285077c2ce5e208eb6277ea9945205c171862e4aa45	0aa9911eacc2035453680285077c2ce5e208eb6277ea9945205c171862e4aa45	0aa9911eacc2035453680285077c2ce5e208eb6277ea9945205c171862e4aa45	none	false	87	93d31c9ef117bf56fee0df2d493908b173508d1e	NOASSERTION	evidence-only-noassertion	1	true	not_declarative_pipeline	missing_step_or_plugin	true	false	5483b0670f2d3905f7985176341596966414ac201128807ff21043ba80703a6f	denied-no-execution-authority	denied-no-execution-authority	unsupported	E_COMPILER_SUBSET_NOT_IMPLEMENTED	false
pavankjadda_BookStore.Jenkinsfile	pavankjadda/BookStore	9d22722b17384ab6bc4030acf57ac3211e657818488550108e8c1a798f0280ff	9d22722b17384ab6bc4030acf57ac3211e657818488550108e8c1a798f0280ff	9d22722b17384ab6bc4030acf57ac3211e657818488550108e8c1a798f0280ff	none	false	5482	9429d8fd27e5aae6b59a6ec518787e1af8886e96	GPL-3.0	declared-license	1	true	declarative_invalid	compile_or_model_failure	false	false	a7c19807ae0c09580be8c910f0e59437cf50623d4e03599e70b4dfafc4316760	denied-no-execution-authority	denied-no-execution-authority	unsupported	E_COMPILER_SUBSET_NOT_IMPLEMENTED	false
pawnu_PythonSecurityPipeline.Jenkinsfile	pawnu/PythonSecurityPipeline	f96bc5b6b36e827d1c7bb4bad17dab76c9d057b1a1836076828def88a60f3ee9	f96bc5b6b36e827d1c7bb4bad17dab76c9d057b1a1836076828def88a60f3ee9	f96bc5b6b36e827d1c7bb4bad17dab76c9d057b1a1836076828def88a60f3ee9	none	false	4722	5b99a0fd53af391b0580707f0fa98b3a0c293bed	MIT	declared-license	1	true	declarative_valid	compiled_waiting_for_agent	true	true	b4748d2652e7c0b8551afc0c8ec410981ebd3a9d66d977bdbcb496e6dbf8a61b	denied-no-execution-authority	denied-no-execution-authority	unsupported	E_COMPILER_SUBSET_NOT_IMPLEMENTED	false
planetpratik_CMake-Jenkins-CPP.Jenkinsfile	planetpratik/CMake-Jenkins-CPP	7b21bd64c800a8faa851a4c64cd24d78dbdbdd105b651c3d75d503943b2cc9eb	7b21bd64c800a8faa851a4c64cd24d78dbdbdd105b651c3d75d503943b2cc9eb	7b21bd64c800a8faa851a4c64cd24d78dbdbdd105b651c3d75d503943b2cc9eb	none	false	4402	c4a81e7bad8119d7b7ea88e7b26bdf4032666519	NOASSERTION	evidence-only-noassertion	1	true	declarative_valid	compiled_waiting_for_agent	true	true	7517b3033ae6a78c5bbf7542ea4c2478f7c0f3ea7b6daf60b5b46d47c450e9b3	denied-no-execution-authority	denied-no-execution-authority	unsupported	E_COMPILER_SUBSET_NOT_IMPLEMENTED	false
prashantgohel321_DevOps-Project-Two-Tier-Flask-App.Jenkinsfile	prashantgohel321/DevOps-Project-Two-Tier-Flask-App	dd8d06e2da183adc4b55ac91cb90f78abee1bc42da67513b649d7b4a07280ed7	dd8d06e2da183adc4b55ac91cb90f78abee1bc42da67513b649d7b4a07280ed7	dd8d06e2da183adc4b55ac91cb90f78abee1bc42da67513b649d7b4a07280ed7	none	false	652	b2bb443b74285c81881f46dc961926da8a45f1cf	NOASSERTION	evidence-only-noassertion	1	true	declarative_valid	compiled_waiting_for_agent	true	true	d730d87252e7b55cf2adb8e8bc2d1409f67dadd9bfa1c4cc06828284281319a3	denied-no-execution-authority	denied-no-execution-authority	unsupported	E_COMPILER_SUBSET_NOT_IMPLEMENTED	false
qiuhuanhen_springboot-DDD.Jenkinsfile	qiuhuanhen/springboot-DDD	82806ec4f749d1daed2f8bcbef8a23c55cc425a5d2d9e3373ff45a49e8d63ed0	82806ec4f749d1daed2f8bcbef8a23c55cc425a5d2d9e3373ff45a49e8d63ed0	82806ec4f749d1daed2f8bcbef8a23c55cc425a5d2d9e3373ff45a49e8d63ed0	none	false	4714	812260b2c8eff10dd5acceacbb0c831fa8d54fb3	NOASSERTION	evidence-only-noassertion	1	true	declarative_valid	compiled_waiting_for_agent	true	true	ec790fb33e3025830e83021fc94ca106091273568436dc995f7f7c07c81d2a72	denied-no-execution-authority	denied-no-execution-authority	unsupported	E_COMPILER_SUBSET_NOT_IMPLEMENTED	false
releaseworks_hellonode.Jenkinsfile	releaseworks/hellonode	745ff1f8d674e410b2d6b918f818904f03c1c03c1f4eb947a82ece73cd98b785	745ff1f8d674e410b2d6b918f818904f03c1c03c1f4eb947a82ece73cd98b785	745ff1f8d674e410b2d6b918f818904f03c1c03c1f4eb947a82ece73cd98b785	none	false	1033	7527763d85aa1b87c6df538ea126c1f211f0d29b	NOASSERTION	evidence-only-noassertion	1	true	not_declarative_pipeline	compiled_waiting_for_agent	true	true	6fe9f3e742454de4d53ddce2b64a9ae3193108dabf4bdefe766efb962b85e26e	denied-no-execution-authority	denied-no-execution-authority	unsupported	E_COMPILER_SUBSET_NOT_IMPLEMENTED	false
restalion_python-jenkins-pipeline.Jenkinsfile	restalion/python-jenkins-pipeline	5ab9c60e963b46ae8a92529047eafe4d77500038a0c65c19d08f5efca952db54	5ab9c60e963b46ae8a92529047eafe4d77500038a0c65c19d08f5efca952db54	5ab9c60e963b46ae8a92529047eafe4d77500038a0c65c19d08f5efca952db54	none	false	6338	23c29e89bb9565737fe9c4ab2d8769f6fcf9a52f	Apache-2.0	declared-license	1	true	declarative_valid	compiled_waiting_for_agent	true	true	17fc9e11fceee0344f4a4eb1d7e8070b0665b041b186ede3a93bc5e5e4489b6e	denied-no-execution-authority	denied-no-execution-authority	unsupported	E_COMPILER_SUBSET_NOT_IMPLEMENTED	false
ricardozanini_soccer-stats.Jenkinsfile	ricardozanini/soccer-stats	1ee8fa18a6b7108c27211923b26e09f6633c7057668674d5a33630863498cb44	1ee8fa18a6b7108c27211923b26e09f6633c7057668674d5a33630863498cb44	1ee8fa18a6b7108c27211923b26e09f6633c7057668674d5a33630863498cb44	none	false	4101	0d4b1381b4b8315d15b9cab548b4787d98cf4fdb	NOASSERTION	evidence-only-noassertion	1	true	not_declarative_pipeline	compiled_waiting_for_agent	true	true	693708889b405eff0e2d473678a14f0630930a04e49ec6bf00a1faa8496fe949	denied-no-execution-authority	denied-no-execution-authority	unsupported	E_COMPILER_SUBSET_NOT_IMPLEMENTED	false
rmkanda_secure-pipeline-java-demo.Jenkinsfile	rmkanda/secure-pipeline-java-demo	187460bf1153198b71a6553be584e181a5eaee0be7fbaa7ec74a2c94751aec8a	187460bf1153198b71a6553be584e181a5eaee0be7fbaa7ec74a2c94751aec8a	187460bf1153198b71a6553be584e181a5eaee0be7fbaa7ec74a2c94751aec8a	none	false	4192	fd3c6055f1a0180f52f86c02cc4a0bb9889d2774	MIT	declared-license	1	true	declarative_valid	missing_cloud_configuration	true	false	55bbad6cdd3a860d7fc3e35164d1a626030cf85ff7e166af25875fb26caabf09	denied-no-execution-authority	denied-no-execution-authority	unsupported	E_COMPILER_SUBSET_NOT_IMPLEMENTED	false
roryeckel_codex-jenkinsfile.Jenkinsfile	roryeckel/codex-jenkinsfile	1da7a5bca48507cf8c31f5886a2662ef598bb78fcd4ae17abdaac3355296bfc8	1da7a5bca48507cf8c31f5886a2662ef598bb78fcd4ae17abdaac3355296bfc8	1da7a5bca48507cf8c31f5886a2662ef598bb78fcd4ae17abdaac3355296bfc8	none	false	19507	3cab2d87083b3a39f77e945b9ac805c30c06a4ad	Apache-2.0	declared-license	1	true	declarative_valid	compiled_waiting_for_agent	true	true	5b78c155766e0902aec012917c88bba33c8f06a4eb380480ba6c3fbe6cdc510b	denied-no-execution-authority	denied-no-execution-authority	unsupported	E_COMPILER_SUBSET_NOT_IMPLEMENTED	false
rosineygp_mkdkr.Jenkinsfile	rosineygp/mkdkr	1727df980002204986ca8474ad2a7acd2f9b1bf30072bc31002c13490d292eab	1727df980002204986ca8474ad2a7acd2f9b1bf30072bc31002c13490d292eab	1727df980002204986ca8474ad2a7acd2f9b1bf30072bc31002c13490d292eab	none	false	2180	87895287e03a2f4e057c2f2513833fa9119b65ff	Apache-2.0	declared-license	1	true	declarative_valid	compiled_waiting_for_agent	true	true	acba16fe87cafaf415f15cbe85a78ec102c7def311c8b3c749dd0c883822ae94	denied-no-execution-authority	denied-no-execution-authority	unsupported	E_COMPILER_SUBSET_NOT_IMPLEMENTED	false
saidsef_alpine-jenkins-dockerfile.Jenkinsfile	saidsef/alpine-jenkins-dockerfile	af9517826efe6cbd860697b48a08d0afd69796bce0350cd341d52b19c3ee22dc	af9517826efe6cbd860697b48a08d0afd69796bce0350cd341d52b19c3ee22dc	af9517826efe6cbd860697b48a08d0afd69796bce0350cd341d52b19c3ee22dc	none	false	1021	f865012d5414037268508940eee0a33d89db7854	MIT	declared-license	1	true	declarative_valid	compiled_waiting_for_agent	true	true	dbad8fe4d870c4babd4140bf7d9c07749d2775c8fea0fb92de9992c1fa81a32b	denied-no-execution-authority	denied-no-execution-authority	unsupported	E_COMPILER_SUBSET_NOT_IMPLEMENTED	false
saidsef_jenkins-pipeline-examples.Jenkinsfile	saidsef/jenkins-pipeline-examples	df0cbdee3420dfee982d8753a6e8c8dd73c807dcd92a749475fbf3286763ca61	df0cbdee3420dfee982d8753a6e8c8dd73c807dcd92a749475fbf3286763ca61	df0cbdee3420dfee982d8753a6e8c8dd73c807dcd92a749475fbf3286763ca61	none	false	2069	081174e392da1ea5738c68b4006a3ef78753e550	MIT	declared-license	1	true	not_declarative_pipeline	compiled_waiting_for_agent	true	true	77abaf565151240bb20bc9db644fa48aec51145b2e1b0f06cbb9696ecfee4aa8	denied-no-execution-authority	denied-no-execution-authority	unsupported	E_COMPILER_SUBSET_NOT_IMPLEMENTED	false
shazforiot_Jenkins-integration-with-kubernetes.Jenkinsfile	shazforiot/Jenkins-integration-with-kubernetes	67d9f25a347742844f119333eb51afdfd9e1e7e5413d9d27c0a2bef356fc1aae	67d9f25a347742844f119333eb51afdfd9e1e7e5413d9d27c0a2bef356fc1aae	67d9f25a347742844f119333eb51afdfd9e1e7e5413d9d27c0a2bef356fc1aae	none	false	884	afccca110e00303e7d20e91e182fe21a63105632	NOASSERTION	evidence-only-noassertion	1	true	declarative_valid	compiled_waiting_for_agent	true	true	06d92d07c267493d9bb7ad71f0e587be0fdbcbf6dd755641c458a82fa8909c63	denied-no-execution-authority	denied-no-execution-authority	unsupported	E_COMPILER_SUBSET_NOT_IMPLEMENTED	false
shipping-docker_simple-jerkins.Jenkinsfile	shipping-docker/simple-jerkins	b87d30ae1db0b04576c9faa3ba3956a9022a6a77e1846019010624dc443edc7a	b87d30ae1db0b04576c9faa3ba3956a9022a6a77e1846019010624dc443edc7a	b87d30ae1db0b04576c9faa3ba3956a9022a6a77e1846019010624dc443edc7a	none	false	514	02d911b6ba8d5615ef8a4000b8987b5291091513	NOASSERTION	evidence-only-noassertion	1	true	not_declarative_pipeline	compiled_waiting_for_agent	true	true	dc4fb714b14317fae0041d0f130472916c0c0f31e459af5ba0ba5b0dd7cc3384	denied-no-execution-authority	denied-no-execution-authority	unsupported	E_COMPILER_SUBSET_NOT_IMPLEMENTED	false
sidd-harth_apigee-cicd.Jenkinsfile	sidd-harth/apigee-cicd	d2cd4880977702e4b4fd0f52fd278f4cd91abd1bce9083f21fc2ab2d944c38c6	d2cd4880977702e4b4fd0f52fd278f4cd91abd1bce9083f21fc2ab2d944c38c6	d2cd4880977702e4b4fd0f52fd278f4cd91abd1bce9083f21fc2ab2d944c38c6	none	false	3972	c08752fa959b4905b9c3b8102cddaa6e8e64e77d	MIT	declared-license	1	true	declarative_invalid	compile_or_model_failure	false	false	678cd6321122d971ec5e2c64ceb4d5107bb62e4d4ac06423b4bc85019cc8c19b	denied-no-execution-authority	denied-no-execution-authority	unsupported	E_COMPILER_SUBSET_NOT_IMPLEMENTED	false
sixeyed_jenkins-pipeline-demos.Jenkinsfile	sixeyed/jenkins-pipeline-demos	dec6273f52492c13c0ccff4c35737a90aa42563e5d6a16aebde5e05725b37b40	dec6273f52492c13c0ccff4c35737a90aa42563e5d6a16aebde5e05725b37b40	dec6273f52492c13c0ccff4c35737a90aa42563e5d6a16aebde5e05725b37b40	none	false	360	bf2eb40a98785e156885cdb1f28548448741f773	NOASSERTION	evidence-only-noassertion	1	true	declarative_valid	compiled_waiting_for_agent	true	true	996c8f495eea508867240652e612c8c66105b50ef9b2d57245cae1960154ac55	denied-no-execution-authority	denied-no-execution-authority	unsupported	E_COMPILER_SUBSET_NOT_IMPLEMENTED	false
stakater_GitWebhookProxy.Jenkinsfile	stakater/GitWebhookProxy	4ce6a3c97a4c93da1cada8546bdfe3795846090984a60579c69ebbc6b7c7af48	4ce6a3c97a4c93da1cada8546bdfe3795846090984a60579c69ebbc6b7c7af48	4ce6a3c97a4c93da1cada8546bdfe3795846090984a60579c69ebbc6b7c7af48	none	false	310	f4196bdbd2cbe62cc5e9c4f1099b4b6b13c82e4f	Apache-2.0	declared-license	1	true	not_declarative_pipeline	compile_or_model_failure	false	false	0e3e770e2d05d5e711c5b79e72fd6c0134aa16d7b95287b3d89158db646e1034	denied-no-execution-authority	denied-no-execution-authority	unsupported	E_COMPILER_SUBSET_NOT_IMPLEMENTED	false
tknerr_jenkins-pipes-helloworld.Jenkinsfile	tknerr/jenkins-pipes-helloworld	cbb0bb169aeb2dd90af397ceace7bfb2c2b2dde67ebdbf8fd39f1ee48d75d657	cbb0bb169aeb2dd90af397ceace7bfb2c2b2dde67ebdbf8fd39f1ee48d75d657	cbb0bb169aeb2dd90af397ceace7bfb2c2b2dde67ebdbf8fd39f1ee48d75d657	none	false	468	c1d6861702f55340bb62bea381104db1b3574644	NOASSERTION	evidence-only-noassertion	1	true	not_declarative_pipeline	compiled_waiting_for_agent	true	true	8ce26f2fbfdfb40cf49470809d60a035fae09f2a85c65b63f8ba509a9300dad5	denied-no-execution-authority	denied-no-execution-authority	unsupported	E_COMPILER_SUBSET_NOT_IMPLEMENTED	false
tomasbjerre_bitbucket-server-jenkins-release-tags.Jenkinsfile	tomasbjerre/bitbucket-server-jenkins-release-tags	cada596a9f33ace474524f2f7b0e302c67d0046172407aeaf33fb26a632be19b	cada596a9f33ace474524f2f7b0e302c67d0046172407aeaf33fb26a632be19b	cada596a9f33ace474524f2f7b0e302c67d0046172407aeaf33fb26a632be19b	none	false	2106	f97826b1a12dd587c786d5973c6da2fd3dff66df	NOASSERTION	evidence-only-noassertion	1	true	not_declarative_pipeline	compiled_waiting_for_agent	true	true	73610a3941056e9a756e19a1fb5075b0244a01829981b9a6c0fc78b822ce5b78	denied-no-execution-authority	denied-no-execution-authority	unsupported	E_COMPILER_SUBSET_NOT_IMPLEMENTED	false
varunpalekar_php-ci-cd.Jenkinsfile	varunpalekar/php-ci-cd	49b9190eac06717fca72a3d721427e1ec0deb3e3d6dcf0001af2fcd031220f67	49b9190eac06717fca72a3d721427e1ec0deb3e3d6dcf0001af2fcd031220f67	49b9190eac06717fca72a3d721427e1ec0deb3e3d6dcf0001af2fcd031220f67	none	false	6463	3529023acb4a4676aaab05ede25465695187d706	NOASSERTION	evidence-only-noassertion	1	true	declarative_valid	compiled_waiting_for_agent	true	true	430aedf55e2fb6091d277dd9ca9ced7fdf0db7d921ac49bff06d32007f685863	denied-no-execution-authority	denied-no-execution-authority	unsupported	E_COMPILER_SUBSET_NOT_IMPLEMENTED	false
vineet68sharma_CI-CD-Docker.Jenkinsfile	vineet68sharma/CI-CD-Docker	cb78a1989b37be4a82c575bb29d0805867b0049c630b5a64db5cdda791d82a5b	cb78a1989b37be4a82c575bb29d0805867b0049c630b5a64db5cdda791d82a5b	cb78a1989b37be4a82c575bb29d0805867b0049c630b5a64db5cdda791d82a5b	none	false	1967	c9872f2b2681d7a49e9efbb85c95fca81a259635	NOASSERTION	evidence-only-noassertion	1	true	not_declarative_pipeline	compiled_waiting_for_agent	true	true	87d3833cb1ab4a3e0260af37ecb9718bfeca4fe7694fce1e121aabc6e5d6ee27	denied-no-execution-authority	denied-no-execution-authority	unsupported	E_COMPILER_SUBSET_NOT_IMPLEMENTED	false
vinsguru_docker-selenium-jenkinsfile.Jenkinsfile	vinsguru/docker-selenium-jenkinsfile	db6d2c777190aa6efe618641dd8b06e35e4f4678c0d0199d3166598a1f1e947a	db6d2c777190aa6efe618641dd8b06e35e4f4678c0d0199d3166598a1f1e947a	db6d2c777190aa6efe618641dd8b06e35e4f4678c0d0199d3166598a1f1e947a	none	false	713	64dad0b93f64002168eef2bf42f5710af8adbb7d	NOASSERTION	evidence-only-noassertion	1	true	declarative_valid	declarative_agent_value_failure	true	false	3405821365ed6e29a24a68da14b7a2a7c6b8ffb715aa57eb214df6a1b1b2b0b1	denied-no-execution-authority	denied-no-execution-authority	unsupported	E_COMPILER_SUBSET_NOT_IMPLEMENTED	false
vskurikhin_DayBook3.Jenkinsfile	vskurikhin/DayBook3	57bab1e2d33e71b2b5bf25db1804c0b48dca3b25d9da2fe3871995c3ead426da	57bab1e2d33e71b2b5bf25db1804c0b48dca3b25d9da2fe3871995c3ead426da	57bab1e2d33e71b2b5bf25db1804c0b48dca3b25d9da2fe3871995c3ead426da	none	false	5942	fa8d3adc6e563be7883f844f0ea635af0b0cf706	NOASSERTION	evidence-only-noassertion	1	true	declarative_valid	compiled_waiting_for_agent	true	true	ca7420f87280dc30e0bdf8da1c0ffc7fb23fc89395077f5af3a447650d4c4be1	denied-no-execution-authority	denied-no-execution-authority	unsupported	E_COMPILER_SUBSET_NOT_IMPLEMENTED	false
wanghaoxi3000_advproject.Jenkinsfile	wanghaoxi3000/advproject	7f5fbf483526cf030172c5ee3a0cf302704dd16a95061256a8ac23d367949936	7f5fbf483526cf030172c5ee3a0cf302704dd16a95061256a8ac23d367949936	7f5fbf483526cf030172c5ee3a0cf302704dd16a95061256a8ac23d367949936	none	false	1982	7a675bcc63012d6b2be5dc7dc22a8be40cc54b02	NOASSERTION	evidence-only-noassertion	1	true	declarative_valid	compiled_waiting_for_agent	true	true	98044a4e881111c9b5da69074ebde2394588b6dbf3ce945322d19e52744536ad	denied-no-execution-authority	denied-no-execution-authority	unsupported	E_COMPILER_SUBSET_NOT_IMPLEMENTED	false
wildec2_java-selenium-framework.Jenkinsfile	wildec2/java-selenium-framework	21311566e0db00ad91600740e7be73e097579b3d48e8b19bb407641d6b3ef60e	21311566e0db00ad91600740e7be73e097579b3d48e8b19bb407641d6b3ef60e	21311566e0db00ad91600740e7be73e097579b3d48e8b19bb407641d6b3ef60e	none	false	903	e3babdf9bbdbc61856434d908379faacef29e84f	NOASSERTION	evidence-only-noassertion	1	true	declarative_valid	compiled_waiting_for_agent	true	true	7402a27b2486c5811576de56a237bca4da14c5b7c83336552aa046c4b7ca02d4	denied-no-execution-authority	denied-no-execution-authority	unsupported	E_COMPILER_SUBSET_NOT_IMPLEMENTED	false
yashpimple_Jenkins-CI-CD-with-GitHub-Integration.Jenkinsfile	yashpimple/Jenkins-CI-CD-with-GitHub-Integration	21618ea800b5ae44db372d8fbb90e3c1779197d943cc9c2b783971c903218f37	21618ea800b5ae44db372d8fbb90e3c1779197d943cc9c2b783971c903218f37	21618ea800b5ae44db372d8fbb90e3c1779197d943cc9c2b783971c903218f37	none	false	512	01c3aaacd1b59a8a4c04bdf5f3be9f5b8a81a148	NOASSERTION	evidence-only-noassertion	1	true	declarative_invalid	compile_or_model_failure	false	false	0b73b6ef54d36a6ceb8503501593a1c2f6e573cf7006ad56fac522bd189b0a9e	denied-no-execution-authority	denied-no-execution-authority	unsupported	E_COMPILER_SUBSET_NOT_IMPLEMENTED	false
zhangjian-ai_AutomationTestPlat.Jenkinsfile	zhangjian-ai/AutomationTestPlat	d246449de0fd9403a283f58813b692ae144d0783764d40b7e94ea2b1d1c91e69	d246449de0fd9403a283f58813b692ae144d0783764d40b7e94ea2b1d1c91e69	d246449de0fd9403a283f58813b692ae144d0783764d40b7e94ea2b1d1c91e69	none	false	2293	27ff2ed257282ec6b7c81664d38326998aa5088f	NOASSERTION	evidence-only-noassertion	1	true	declarative_valid	compiled_waiting_for_agent	true	true	093e613af7f542e177d79934c157aeefb3d33132579c07e8ab7efdb048e8cede	denied-no-execution-authority	denied-no-execution-authority	unsupported	E_COMPILER_SUBSET_NOT_IMPLEMENTED	false
zowe_jenkins-library.Jenkinsfile	zowe/jenkins-library	45d604f1e864f1d0dc7cb717ed9d278d1775980c203c7ed3d7406be2ab6593ef	45d604f1e864f1d0dc7cb717ed9d278d1775980c203c7ed3d7406be2ab6593ef	45d604f1e864f1d0dc7cb717ed9d278d1775980c203c7ed3d7406be2ab6593ef	none	false	7753	60dfc651b61ab387e475b84924a972da8367811a	EPL-2.0	declared-license	1	true	not_declarative_pipeline	compiled_waiting_for_agent	true	true	191515a8c33c8dd40d35c386c45bb9c9abea59c4c3bfbdb00611a9373c7d28f5	denied-no-execution-authority	denied-no-execution-authority	unsupported	E_COMPILER_SUBSET_NOT_IMPLEMENTED	false
